dataset,predicted_utility,realized_utility,selected,k,temperature
m4_hourly,-0.3088237,0.15999292558385603,False,8,0.05
m4_hourly,0.22078393,0.3250440423394958,False,8,0.05
m4_hourly,-0.03168793,-0.28772822266384956,False,8,0.05
m4_hourly,-0.35528034,-0.36877319917389617,False,8,0.05
m4_hourly,0.27753168,-0.2927570065960352,False,8,0.05
m4_hourly,0.15416479,-0.29385064575814623,False,8,0.05
m4_hourly,0.12745596,-0.19592355054098487,False,8,0.05
m4_hourly,-0.083896086,-0.4284905903081547,False,8,0.05
m4_hourly,-0.13219006,-0.29380727552988084,False,8,0.05
m4_hourly,0.4815129,-0.25715208597322986,False,8,0.05
m4_hourly,-0.066786334,-0.2316381798546868,False,8,0.05
m4_hourly,0.22939931,-0.5427082023356852,False,8,0.05
m4_hourly,-0.7915415,-2.129772473831304,False,8,0.05
m4_hourly,-0.6498843,-1.6650594523513156,False,8,0.05
m4_hourly,-0.88553923,-1.0180995654297136,False,8,0.05
m4_hourly,-1.8655514,-3.2003408489330307,False,8,0.05
m4_hourly,0.06022884,-0.2968653095808705,False,8,0.05
m4_hourly,0.4067605,-0.19250294529652606,False,8,0.05
m4_hourly,0.10439794,-0.15425076954993358,False,8,0.05
m4_hourly,0.35373425,-0.4576248968670156,False,8,0.05
m4_hourly,-0.113977686,-0.23652829566432573,False,8,0.05
m4_hourly,0.36529166,-0.17851333441835965,False,8,0.05
m4_hourly,0.14222588,-0.10274671176792985,False,8,0.05
m4_hourly,0.28608686,-0.4800221180247775,False,8,0.05
m4_hourly,-0.04099749,-0.20531586064182605,False,8,0.05
m4_hourly,0.4954906,-0.22807658690979674,False,8,0.05
m4_hourly,0.12955035,-0.2546359376527314,False,8,0.05
m4_hourly,0.18632196,-0.4527585285661873,False,8,0.05
m4_hourly,0.30700892,-0.6198120298864818,False,8,0.05
m4_hourly,0.18553297,-0.2751524844852297,False,8,0.05
m4_hourly,0.15581332,-0.35906588989811755,False,8,0.05
m4_hourly,-0.17085825,-0.6559722499723226,False,8,0.05
m4_hourly,-0.005260542,-0.23242785041138347,False,8,0.05
m4_hourly,0.14578243,-0.18940493269500588,False,8,0.05
m4_hourly,0.015753388,-0.11691806865203963,False,8,0.05
m4_hourly,-0.2970829,-0.10215381722455497,False,8,0.05
m4_hourly,-0.53192157,0.023738211149136212,False,8,0.05
m4_hourly,-0.633031,0.11857627567606177,False,8,0.05
m4_hourly,-0.6489874,1.177179158969219,False,8,0.05
m4_hourly,0.13750078,-0.47038770342503405,False,8,0.05
m4_hourly,-0.031082436,-0.6638840260206009,False,8,0.05
m4_hourly,-0.02087818,-0.5765194453205937,False,8,0.05
m4_hourly,0.03884019,-0.5230289924152776,False,8,0.05
m4_hourly,-0.38771516,-0.8681492221670677,False,8,0.05
m4_hourly,0.26623207,-0.6072871459108382,False,8,0.05
m4_hourly,0.10975663,-0.3347838101032682,False,8,0.05
m4_hourly,0.025378987,-0.3117779970565434,False,8,0.05
m4_hourly,-0.082810506,-0.6073906572221737,False,8,0.05
m4_hourly,-0.009012684,-0.33657820170534714,False,8,0.05
m4_hourly,0.41513377,-0.1273011277532415,False,8,0.05
m4_hourly,0.21858834,-0.1544734783988801,False,8,0.05
m4_hourly,0.26935828,-0.4353841190446427,False,8,0.05
m4_hourly,-0.24145754,0.09441675879048023,False,8,0.05
m4_hourly,-0.13023572,-0.0640133682886721,False,8,0.05
m4_hourly,-0.087429896,-0.31502823104340805,False,8,0.05
m4_hourly,0.09080441,-0.39854603921467635,False,8,0.05
m4_hourly,-0.1040784,-0.6618908565978836,False,8,0.05
m4_hourly,-0.4327889,-0.8597044229280741,False,8,0.05
m4_hourly,-0.3834172,0.2995184623347667,False,8,0.05
m4_hourly,0.26792604,-0.3297700405436311,False,8,0.05
m4_hourly,0.01650019,-0.20889222553119347,False,8,0.05
m4_hourly,0.32666188,-0.11814136439165393,False,8,0.05
m4_hourly,0.0039829463,-0.13335448708497513,False,8,0.05
m4_hourly,0.3409174,-0.390658628193229,False,8,0.05
m4_hourly,-0.33078766,0.007901298925886369,False,8,0.05
m4_hourly,0.043607935,-0.015994502405919986,False,8,0.05
m4_hourly,-0.40271187,0.2998581993748795,False,8,0.05
m4_hourly,-0.12743495,-0.26970855835343704,False,8,0.05
m4_hourly,-0.01998277,-0.3466071302570324,False,8,0.05
m4_hourly,0.43409795,-0.16884284230471203,False,8,0.05
m4_hourly,0.21169509,-0.2514057248280801,False,8,0.05
m4_hourly,0.26487368,-0.4888551492296967,False,8,0.05
m4_hourly,-0.41722023,1.1881060299604973,False,8,0.05
m4_hourly,-0.094256505,0.029499004685412444,False,8,0.05
m4_hourly,-0.11379556,0.6241198202969926,False,8,0.05
m4_hourly,0.18055922,0.22253968775801766,False,8,0.05
m4_hourly,-2.008193,-0.14449612152796387,False,8,0.05
m4_hourly,-2.2137694,-0.8605892312823172,False,8,0.05
m4_hourly,-2.351795,-0.032117443817738955,False,8,0.05
m4_hourly,-2.256452,-0.36477701267358337,False,8,0.05
m4_hourly,-0.40821868,0.5277971280950537,False,8,0.05
m4_hourly,-0.900433,0.3771288761717125,False,8,0.05
m4_hourly,-0.3385374,0.21432248133085435,False,8,0.05
m4_hourly,-0.29157442,-0.11324228091517258,False,8,0.05
m4_hourly,0.00030599535,-0.1383202389568615,False,8,0.05
m4_hourly,0.49178147,-0.20940738527110475,False,8,0.05
m4_hourly,0.13133852,-0.18852469982098938,False,8,0.05
m4_hourly,0.18641399,-0.48238885744903565,False,8,0.05
m4_hourly,0.19330631,-0.410905170277676,False,8,0.05
m4_hourly,-0.10411404,-0.47396623261439047,False,8,0.05
m4_hourly,-0.28817677,-0.4625587531198352,False,8,0.05
m4_hourly,-0.05208747,-0.7414117734554803,False,8,0.05
m4_hourly,-0.1997021,-0.5308606820206588,False,8,0.05
m4_hourly,0.31380367,-1.3915130213342009,False,8,0.05
m4_hourly,-0.13973065,-0.9601316388494442,False,8,0.05
m4_hourly,-0.085445926,-0.6512747893997923,False,8,0.05
m4_weekly,-0.39296025,-0.03859084520290533,False,8,0.05
m4_weekly,-0.5101606,0.06028698625757356,False,8,0.05
m4_weekly,0.008459613,-0.04578281166298509,False,8,0.05
m4_weekly,-2.0089312,-2.2306702032135144,False,8,0.05
m4_weekly,0.32113105,-0.029498257651254245,False,8,0.05
m4_weekly,0.22763552,0.30926648024372994,False,8,0.05
m4_weekly,0.7191799,-0.24219649935409898,True,8,0.05
m4_weekly,1.1689739,0.08324538581592389,True,8,0.05
m4_weekly,-0.080273494,-6.395031498239098e-05,False,8,0.05
m4_weekly,0.054722175,0.34635369699281704,False,8,0.05
m4_weekly,-1.4989785,-0.13886033440172257,False,8,0.05
m4_weekly,0.017354786,-0.14227250686737464,False,8,0.05
m4_weekly,-0.19393949,-0.1650796299644963,False,8,0.05
m4_weekly,0.16884986,0.0006914367157920564,False,8,0.05
m4_weekly,-0.5701509,-0.308966694900986,False,8,0.05
m4_weekly,0.064562395,6.217215458156069,False,8,0.05
m4_weekly,0.35833663,-0.08182191328036809,False,8,0.05
m4_weekly,0.26938134,-0.20713397500711694,False,8,0.05
m4_weekly,-0.46045804,-0.08063868182261574,False,8,0.05
m4_weekly,0.50840044,0.2848985456860498,False,8,0.05
m4_weekly,-0.48021668,-0.09737129326691293,False,8,0.05
m4_weekly,-0.51009864,0.27784634416068976,False,8,0.05
m4_weekly,0.31792426,-0.08846422248216887,False,8,0.05
m4_weekly,-0.42941034,0.3861990944986666,False,8,0.05
m4_weekly,-0.18549989,-0.04516586454785563,False,8,0.05
m4_weekly,-0.091956005,0.014695783245122995,False,8,0.05
m4_weekly,0.35209733,0.13007396292932052,False,8,0.05
m4_weekly,0.5223145,0.4001183466824352,False,8,0.05
m4_weekly,0.69353455,0.04803773977911655,False,8,0.05
m4_weekly,0.08307099,0.11505097539014741,False,8,0.05
m4_weekly,-0.58170027,-0.16213953728569883,False,8,0.05
m4_weekly,-0.19940676,-0.038768086978227354,False,8,0.05
m4_weekly,0.49813104,-0.0216192984734834,False,8,0.05
m4_weekly,-0.96156675,-0.07697580805418819,False,8,0.05
m4_weekly,-0.20678978,0.055738278254988394,False,8,0.05
m4_weekly,-1.321735,-0.6726262502971061,False,8,0.05
m4_weekly,-0.23390256,0.0015064235535777906,False,8,0.05
m4_weekly,-0.11444126,-0.055386428576167206,False,8,0.05
m4_weekly,-0.023936108,-0.037762961024791014,False,8,0.05
m4_weekly,-0.17491089,-0.021453402070769394,False,8,0.05
m4_weekly,0.89311534,-0.00034884210030947105,True,8,0.05
m4_weekly,0.5967478,-0.00722667720263049,False,8,0.05
m4_weekly,0.561772,0.046834646524932674,False,8,0.05
m4_weekly,-0.43247962,-0.2447696706035808,False,8,0.05
m4_weekly,0.7112722,0.018363940189566656,False,8,0.05
m4_weekly,0.589814,0.24506724764090063,False,8,0.05
m4_weekly,0.8025759,0.09667556437744469,True,8,0.05
m4_weekly,-0.2830764,0.08585374691877126,False,8,0.05
m4_weekly,0.61951786,-0.10533486815167564,False,8,0.05
m4_weekly,-0.22451244,0.011449549393577084,False,8,0.05
m4_weekly,0.08485693,1.890116974524736e-05,False,8,0.05
m4_weekly,0.24711777,-0.14495728335109648,False,8,0.05
m4_weekly,0.6273673,-0.19689350802735836,False,8,0.05
m4_weekly,-0.8205778,0.6639146206758192,False,8,0.05
m4_weekly,-0.21181579,-0.062366748201988696,False,8,0.05
m4_weekly,1.1133136,0.0584639468324851,True,8,0.05
m4_weekly,-0.3082196,1.4197016556269704,False,8,0.05
m4_weekly,1.2178277,-0.605645402198574,True,8,0.05
m4_weekly,1.610641,-0.2871583620745488,True,8,0.05
m4_weekly,1.4249257,-0.502935993989416,True,8,0.05
m4_weekly,0.7115256,0.24561374500648986,True,8,0.05
m4_weekly,0.5950409,0.23012681073592983,False,8,0.05
m4_weekly,0.64879876,0.24786147654068896,False,8,0.05
m4_weekly,0.8185068,0.17038122009936693,True,8,0.05
m4_weekly,0.5792509,-0.2731445116684377,False,8,0.05
m4_weekly,-0.70725065,0.49156832554276153,False,8,0.05
m4_weekly,-0.22375841,-0.2582336674696778,False,8,0.05
m4_weekly,0.8906513,0.0209780405036344,True,8,0.05
m4_weekly,-0.5318191,-0.037090374477968494,False,8,0.05
m4_weekly,-1.0278045,-0.5597471002474033,False,8,0.05
m4_weekly,-0.48859602,0.0026119679679248095,False,8,0.05
m4_weekly,-1.1833057,-0.5477889096983611,False,8,0.05
m4_weekly,0.98262614,0.08643198245320244,True,8,0.05
m4_weekly,-0.0863228,0.2438102638337507,False,8,0.05
m4_weekly,-0.03093557,-0.03560414804214701,False,8,0.05
m4_weekly,1.3108371,0.1179724252964871,True,8,0.05
m4_weekly,0.11074422,-0.2346994168216483,False,8,0.05
m4_weekly,0.17194605,-0.4980388910424556,False,8,0.05
m4_weekly,0.33562464,1.3963395262423912,False,8,0.05
m4_weekly,1.6318746,0.05844830082997543,True,8,0.05
m4_weekly,-0.16394423,0.005711635524466352,False,8,0.05
m4_weekly,0.75371504,0.1752636761163838,True,8,0.05
m4_weekly,0.77273834,-0.02486054225790632,True,8,0.05
m4_weekly,0.89871997,0.012979157446422432,True,8,0.05
m4_weekly,0.76336735,0.14803462913194101,True,8,0.05
m4_weekly,0.33916974,1.360441076589968,False,8,0.05
m4_weekly,0.9141488,0.23476726904062584,True,8,0.05
m4_weekly,0.50457686,0.014912692843119236,False,8,0.05
m4_weekly,0.7316226,0.04714891325329518,True,8,0.05
m4_weekly,-0.9746724,-0.08091063880309636,False,8,0.05
m4_weekly,0.5314882,0.04085194164489482,False,8,0.05
m4_weekly,0.69247854,0.05274647981176573,False,8,0.05
m4_weekly,-0.68734294,-0.05515548699759165,False,8,0.05
m4_weekly,0.13530536,-0.02277111804808276,False,8,0.05
m4_weekly,0.425251,-0.01439921727177307,False,8,0.05
m4_weekly,0.26512784,-0.0162838943139106,False,8,0.05
tourism_monthly,0.5718369,0.055697243263606255,False,8,0.05
tourism_monthly,-0.12287973,0.21838236563669722,False,8,0.05
tourism_monthly,-0.33318073,0.0990376092406493,False,8,0.05
tourism_monthly,-0.3232934,0.6988471859652201,False,8,0.05
tourism_monthly,-0.75259167,0.3117343625739941,False,8,0.05
tourism_monthly,-1.1895871,-0.7053698020673478,False,8,0.05
tourism_monthly,0.038105264,-1.1106532101211162,False,8,0.05
tourism_monthly,-0.49171698,-1.0373266883550185,False,8,0.05
tourism_monthly,-0.94011897,-0.6932761464847723,False,8,0.05
tourism_monthly,-1.1606325,-1.57990334674441,False,8,0.05
tourism_monthly,-0.55441076,0.11979857120070703,False,8,0.05
tourism_monthly,2.235332,2.8277475048286433,True,8,0.05
tourism_monthly,2.4750664,-4.613559277273186,True,8,0.05
tourism_monthly,0.023458347,0.22939260782149284,False,8,0.05
tourism_monthly,-0.57065195,0.24685490769395818,False,8,0.05
tourism_monthly,-0.96657044,-1.0267430411181173,False,8,0.05
tourism_monthly,-1.954415,-2.3414628479943955,False,8,0.05
tourism_monthly,-2.160367,-2.1646981937253984,False,8,0.05
tourism_monthly,1.87475,-3.911621644605404,True,8,0.05
tourism_monthly,4.4555874,5.3722836539024,True,8,0.05
tourism_monthly,2.1638236,4.239029197856952,True,8,0.05
tourism_monthly,2.5074744,-3.0231478330196033,True,8,0.05
tourism_monthly,1.5961808,1.056946106320595,True,8,0.05
tourism_monthly,2.4038262,1.2345166619630934,True,8,0.05
tourism_monthly,3.5324965,0.34407675948870287,True,8,0.05
tourism_monthly,3.4112308,-0.4777818208212681,True,8,0.05
tourism_monthly,0.5801313,1.386045102157811,False,8,0.05
tourism_monthly,0.038108453,0.9679954022558779,False,8,0.05
tourism_monthly,-0.37935752,0.8384537492576996,False,8,0.05
tourism_monthly,-1.2642255,-0.990291068678212,False,8,0.05
tourism_monthly,-1.3340747,-0.4241787830010155,False,8,0.05
tourism_monthly,1.9145551,-0.478764537288507,True,8,0.05
tourism_monthly,1.7306703,-1.5999070175253154,True,8,0.05
tourism_monthly,1.421467,-1.398130423239417,True,8,0.05
tourism_monthly,0.027770773,1.3188992432927251,False,8,0.05
tourism_monthly,-0.16522025,1.2295389016164724,False,8,0.05
tourism_monthly,1.1014432,0.2262711924283467,True,8,0.05
tourism_monthly,-0.35243624,0.21958107617976452,False,8,0.05
tourism_monthly,0.3081723,-1.1504339161739914,False,8,0.05
tourism_monthly,0.7496176,-0.8713662996498099,True,8,0.05
tourism_monthly,1.248977,-0.4597465825367353,True,8,0.05
tourism_monthly,1.0351559,-0.6455966338490406,True,8,0.05
tourism_monthly,1.0964729,2.7164360929764584,True,8,0.05
tourism_monthly,-0.072546825,1.9929799251298537,False,8,0.05
tourism_monthly,-0.11683665,-0.8332444163522332,False,8,0.05
tourism_monthly,-0.28114575,-0.11378200265124061,False,8,0.05
tourism_monthly,-0.23516528,-1.247491105574864,False,8,0.05
tourism_monthly,0.043516174,-0.27492866838297214,False,8,0.05
tourism_monthly,0.055383235,-0.974913732750224,False,8,0.05
tourism_monthly,-1.2959505,-3.1563264815086116,False,8,0.05
tourism_monthly,-0.29125023,0.8218219444130574,False,8,0.05
tourism_monthly,-0.34664404,0.21766574722557186,False,8,0.05
tourism_monthly,-1.4120563,-0.13989821191901752,False,8,0.05
tourism_monthly,0.031573758,0.6635842484986234,False,8,0.05
tourism_monthly,-0.9509091,0.6508550855370498,False,8,0.05
tourism_monthly,-1.0930705,-1.3745035561292642,False,8,0.05
tourism_monthly,0.9698009,0.1463324351290467,True,8,0.05
tourism_monthly,1.3144871,-5.388718044946302,True,8,0.05
tourism_monthly,1.2479103,-9.968650118511121,True,8,0.05
tourism_monthly,0.7455513,1.3724641523810686,True,8,0.05
tourism_monthly,0.726176,0.6685685589080501,True,8,0.05
tourism_monthly,0.2077163,-1.1473675151666072,False,8,0.05
bitcoin,0.59871113,0.3653283444371631,False,8,0.05
bitcoin,0.25057817,1.995060606737252,False,8,0.05
bitcoin,1.2651142,0.8180427983592988,True,8,0.05
bitcoin,0.041502163,0.1154673177442116,False,8,0.05
bitcoin,0.07568206,0.34131108219501893,False,8,0.05
bitcoin,0.23060107,0.8505929764795992,False,8,0.05
bitcoin,1.0638819,0.9312470632348777,True,8,0.05
bitcoin,0.41237372,0.08710702484611371,False,8,0.05
bitcoin,5.0919075,-3.0404002149603855,True,8,0.05
bitcoin,2.388503,-0.06962266053160437,True,8,0.05
bitcoin,1.5913248,0.011190964930573699,True,8,0.05
bitcoin,0.22805764,0.7931764153283396,False,8,0.05
bitcoin,4.905295,22.226516102782625,True,8,0.05
bitcoin,13.836337,27.66905783731886,True,8,0.05
bitcoin,19.599,78.85221416116656,True,8,0.05
bitcoin,33.905518,72.32922818564475,True,8,0.05
bitcoin,-1.2801982,0.001299674423556614,False,8,0.05
bitcoin,-0.20949124,-0.06358964232360982,False,8,0.05
bitcoin,-1.0012169,-0.06019160958525627,False,8,0.05
bitcoin,-0.16231866,-0.00023751758018886876,False,8,0.05
bitcoin,0.9537879,0.017794293922255067,True,8,0.05
bitcoin,0.20000292,2.011278725355691,False,8,0.05
bitcoin,0.7347007,0.9172905222590391,True,8,0.05
bitcoin,0.50759786,0.08212585252009985,False,8,0.05
bitcoin,1.1212797,18.603786157598392,True,8,0.05
bitcoin,2.9908147,21.494911353602447,True,8,0.05
bitcoin,5.344843,93.64804285426362,True,8,0.05
bitcoin,6.7125354,94.58901305667405,True,8,0.05
bitcoin,-1.2980654,-0.0677202871466439,False,8,0.05
bitcoin,-1.4963409,-0.10829830514849026,False,8,0.05
bitcoin,-1.264622,-0.04078153927336114,False,8,0.05
bitcoin,-0.8548413,-0.023050734061038632,False,8,0.05
bitcoin,-0.7490212,-0.1451184949171268,False,8,0.05
bitcoin,-0.72879463,0.23388355892977872,False,8,0.05
bitcoin,-0.8590333,0.4181637818189827,False,8,0.05
bitcoin,0.36246842,0.28771470160050594,False,8,0.05
bitcoin,11.322953,-3.4219638850940015,True,8,0.05
bitcoin,2.8815799,0.16883481190528293,True,8,0.05
bitcoin,0.40679234,0.36900919336019333,False,8,0.05
bitcoin,0.10852645,0.27839394637534165,False,8,0.05
bitcoin,7.774993,-3.297818921175839,True,8,0.05
bitcoin,6.788602,0.18593995953791165,True,8,0.05
bitcoin,3.4807081,0.285899553861114,True,8,0.05
bitcoin,1.632533,0.32748199685390755,True,8,0.05
bitcoin,3.9365413,-2.4785340707220342,True,8,0.05
bitcoin,1.6718932,-0.007732408952627612,True,8,0.05
bitcoin,1.2281647,0.011421812012970989,True,8,0.05
bitcoin,-0.020497933,0.6884072332530202,False,8,0.05
bitcoin,19.098967,-20.846641094822644,True,8,0.05
bitcoin,7.546274,0.3358214123582002,True,8,0.05
bitcoin,4.5677834,0.8031310807406946,True,8,0.05
bitcoin,3.1051831,0.18436062626994243,True,8,0.05
bitcoin,-0.62089336,0.001540523694621261,False,8,0.05
bitcoin,-0.93574494,-0.02341456723256842,False,8,0.05
bitcoin,0.020749524,-0.2846341574459941,False,8,0.05
bitcoin,-0.15331699,-0.004169804071906248,False,8,0.05
bitcoin,8.676952,-10.472335030336637,True,8,0.05
bitcoin,3.0668268,-0.019651010184405848,True,8,0.05
bitcoin,1.9059483,0.13627362625755568,True,8,0.05
bitcoin,-0.7357801,-0.438745216106482,False,8,0.05
bitcoin,0.12489352,-0.04803545970356622,False,8,0.05
bitcoin,-0.041454777,-0.005066182505736427,False,8,0.05
bitcoin,0.007338047,-0.0015483619059966534,False,8,0.05
bitcoin,-0.67405057,-0.002480143743830639,False,8,0.05
bitcoin,1.1009243,19.738738996385564,True,8,0.05
bitcoin,10.198007,1.168036633895838,True,8,0.05
bitcoin,0.96942514,0.14531678838379802,True,8,0.05
bitcoin,-1.0049872,-0.4622043397479805,False,8,0.05
bitcoin,33.373093,-9.490207999302584,True,8,0.05
bitcoin,13.90376,-3.25896222017721,True,8,0.05
bitcoin,0.87029535,0.01020243776333718,True,8,0.05
bitcoin,1.9947977,0.1350767862488098,True,8,0.05
pedestrian,0.13550775,-0.02996391453654179,False,8,0.05
pedestrian,0.23208232,-0.21156352797572292,False,8,0.05
pedestrian,0.0605487,-0.26890003555365005,False,8,0.05
pedestrian,0.24161169,-0.382076940302142,False,8,0.05
pedestrian,0.10855472,-0.1764655429434941,False,8,0.05
pedestrian,0.16841172,0.4184483491503569,False,8,0.05
pedestrian,0.2654099,-0.0468104939227621,False,8,0.05
pedestrian,0.19966649,-0.48574661094307003,False,8,0.05
pedestrian,-0.20149295,-0.9582849645031396,False,8,0.05
pedestrian,0.033603102,-0.1437293856077763,False,8,0.05
pedestrian,-1.1992689,-0.7858471052331295,False,8,0.05
pedestrian,0.1550493,0.11798142819262741,False,8,0.05
pedestrian,-0.28292245,-0.4576896115631888,False,8,0.05
pedestrian,-0.21475996,-0.30294852777757997,False,8,0.05
pedestrian,-0.49185598,-0.6860615815865937,False,8,0.05
pedestrian,-0.6464113,-0.7117505260774472,False,8,0.05
pedestrian,-0.09723459,-0.7046846519437147,False,8,0.05
pedestrian,-0.3649366,1.4371080740354938,False,8,0.05
pedestrian,-0.08556126,-0.12845188036645389,False,8,0.05
pedestrian,-0.12919967,-0.17988757846824388,False,8,0.05
pedestrian,-0.19976224,-0.0036039359822829797,False,8,0.05
pedestrian,0.13370612,-0.34124798298294434,False,8,0.05
pedestrian,-0.20532958,-0.1075373947603151,False,8,0.05
pedestrian,0.23067363,-0.20880485165556004,False,8,0.05
pedestrian,0.08599205,0.013971619248729417,False,8,0.05
pedestrian,0.2336501,-0.3760631631352258,False,8,0.05
pedestrian,0.2751872,-0.01739931206895573,False,8,0.05
pedestrian,0.28459442,-0.21686282723315797,False,8,0.05
pedestrian,-0.43105263,-0.4974018456249973,False,8,0.05
pedestrian,-0.26138693,-0.4274233614149894,False,8,0.05
pedestrian,-0.23701937,-0.3623589135945949,False,8,0.05
pedestrian,-0.40575033,-0.586038298747805,False,8,0.05
pedestrian,0.1128616,-0.1553108268562046,False,8,0.05
pedestrian,0.11270341,-0.2866929911415597,False,8,0.05
pedestrian,0.046852052,-0.11719927375530592,False,8,0.05
pedestrian,0.18926968,-0.10320383951227702,False,8,0.05
pedestrian,0.19257957,-0.06477082678915833,False,8,0.05
pedestrian,0.019727916,-0.2754775702898499,False,8,0.05
pedestrian,0.22390959,-0.13710049227719073,False,8,0.05
pedestrian,0.2326196,0.0585856267680791,False,8,0.05
pedestrian,0.4509992,0.19907845278691233,False,8,0.05
pedestrian,0.22307417,0.6082967492384126,False,8,0.05
pedestrian,0.24570169,0.3639990078053017,False,8,0.05
pedestrian,0.3434161,0.298672364160015,False,8,0.05
pedestrian,0.15835924,0.12939482771969943,False,8,0.05
pedestrian,0.105081476,-0.36056999473934714,False,8,0.05
pedestrian,-0.028478682,0.3415018268132194,False,8,0.05
pedestrian,0.39853752,-0.19100282784142103,False,8,0.05
pedestrian,-0.38812846,-0.2811846914867351,False,8,0.05
pedestrian,-0.35493523,-0.48474237923196273,False,8,0.05
pedestrian,-0.51548815,-0.40680078160294053,False,8,0.05
pedestrian,-0.2892483,-0.04852165137169864,False,8,0.05
pedestrian,0.13585027,-0.8653882694335152,False,8,0.05
pedestrian,0.23814096,0.12911655428248334,False,8,0.05
pedestrian,-0.17151643,-0.23346673615603042,False,8,0.05
pedestrian,0.45240122,-0.2163803927865317,False,8,0.05
pedestrian,0.17466219,-0.6002479167758356,False,8,0.05
pedestrian,0.24099158,-0.12471918117880257,False,8,0.05
pedestrian,0.0583157,-0.3468985764714711,False,8,0.05
pedestrian,0.09708625,-0.14970763005266044,False,8,0.05
pedestrian,0.40709502,0.09176545982766565,False,8,0.05
pedestrian,0.006626323,-0.20518766282448303,False,8,0.05
pedestrian,0.4243998,-0.017403154636418505,False,8,0.05
pedestrian,0.35604316,-0.29878376249033317,False,8,0.05
pedestrian,0.24815284,0.14783735373496032,False,8,0.05
pedestrian,-0.028023958,0.08448837980128579,False,8,0.05
pedestrian,0.03351526,0.020114875850571423,False,8,0.05
pedestrian,0.1705607,-0.029019941283747797,False,8,0.05
pedestrian,0.6925604,-0.1830501358181874,False,8,0.05
pedestrian,0.18280457,-0.18194413506154503,False,8,0.05
pedestrian,0.18160291,-0.24532091384628207,False,8,0.05
pedestrian,0.09011826,-0.23863667175924214,False,8,0.05
pedestrian,0.13565005,0.08568133794452057,False,8,0.05
pedestrian,0.038088396,-0.5933762100306674,False,8,0.05
pedestrian,0.15960576,0.15639866642025016,False,8,0.05
pedestrian,-0.08515608,-0.29245112267111945,False,8,0.05
pedestrian,0.03476681,0.3326625237913464,False,8,0.05
pedestrian,0.9563451,-0.08320572411583305,True,8,0.05
pedestrian,1.0707425,-2.886322740930714,True,8,0.05
pedestrian,-0.7091014,0.2417593545016028,False,8,0.05
pedestrian,0.12162136,-0.18621624210038043,False,8,0.05
pedestrian,-0.055386618,-0.06254301614430985,False,8,0.05
pedestrian,-0.10841884,-0.18941723312976808,False,8,0.05
pedestrian,-0.010488465,-0.02834680006965451,False,8,0.05
pedestrian,0.10914162,0.2799242117335716,False,8,0.05
pedestrian,-0.8200112,-0.15247494388837346,False,8,0.05
pedestrian,-0.6856528,-0.10856822546792422,False,8,0.05
pedestrian,0.40639818,0.4829325009850828,False,8,0.05
pedestrian,0.51965404,0.006384058656963898,False,8,0.05
pedestrian,-0.15941961,-0.2803861421758763,False,8,0.05
pedestrian,0.11517966,0.0013442912977512655,False,8,0.05
pedestrian,0.5838271,-0.31730085317818,False,8,0.05
pedestrian,0.44664037,-0.04239611207349747,False,8,0.05
pedestrian,0.18830533,-0.13362769493171292,False,8,0.05
pedestrian,0.32008156,0.14394850486761598,False,8,0.05
pedestrian,0.3527307,0.07075543884301941,False,8,0.05
kdd_air,-1.2392904,-0.1358152262566016,False,8,0.05
kdd_air,-1.5127739,-0.5917254546693449,False,8,0.05
kdd_air,-2.1554732,-0.49054250406167427,False,8,0.05
kdd_air,-0.61733997,-0.0752738998994084,False,8,0.05
kdd_air,-0.8432309,0.21273047264727918,False,8,0.05
kdd_air,-1.5523334,-0.17494508051196636,False,8,0.05
kdd_air,-1.3385366,-0.2960016199882009,False,8,0.05
kdd_air,-0.93849033,-0.0051946065929815155,False,8,0.05
kdd_air,-0.56418806,-0.061366550088511884,False,8,0.05
kdd_air,-1.31876,-0.13698372872271536,False,8,0.05
kdd_air,-0.35834092,-0.13934696262519675,False,8,0.05
kdd_air,-0.85781306,-0.05424291092947328,False,8,0.05
kdd_air,-0.036445543,-0.004478431594539867,False,8,0.05
kdd_air,-1.4489187,-0.6391384014050604,False,8,0.05
kdd_air,0.02233024,-0.011551200652473448,False,8,0.05
kdd_air,-0.7499728,-0.6521185936674097,False,8,0.05
kdd_air,-1.455708,-0.2233355103550036,False,8,0.05
kdd_air,-1.2703048,-0.08700709300796561,False,8,0.05
kdd_air,-1.6012923,-0.10589999986706614,False,8,0.05
kdd_air,-1.588867,-0.2328410843850779,False,8,0.05
kdd_air,-1.3041455,-0.042617667538827675,False,8,0.05
kdd_air,-1.1412191,-0.13955715312588823,False,8,0.05
kdd_air,-1.2012947,-0.013335932698768121,False,8,0.05
kdd_air,-0.53617096,-0.0968640854446875,False,8,0.05
kdd_air,-0.33769166,-0.17420224259382744,False,8,0.05
kdd_air,0.15522997,0.017437044709970206,False,8,0.05
kdd_air,-0.25724626,-0.09891730249991498,False,8,0.05
kdd_air,-2.2120523,-0.05009222830136621,False,8,0.05
kdd_air,-0.04892479,0.010970233207921759,False,8,0.05
kdd_air,-1.0922989,-0.7310803816348526,False,8,0.05
kdd_air,-1.0940433,-0.2315449208040421,False,8,0.05
kdd_air,-1.1195328,0.00023978679213951248,False,8,0.05
kdd_air,-0.99426633,-0.08697744075626854,False,8,0.05
kdd_air,-0.5758826,-0.23283427854381955,False,8,0.05
kdd_air,-0.25333154,-0.10058618671057457,False,8,0.05
kdd_air,-0.3543768,0.0007164617143466182,False,8,0.05
kdd_air,-0.7357913,-0.09792962871952726,False,8,0.05
kdd_air,-1.2645005,-0.11302352268518556,False,8,0.05
kdd_air,-0.9822933,-0.2151748939087329,False,8,0.05
kdd_air,-0.82481664,-0.013130123343030202,False,8,0.05
kdd_air,-0.70450026,0.22333608179642095,False,8,0.05
kdd_air,-0.49564177,-0.04620310585149201,False,8,0.05
kdd_air,-1.0699253,-0.2521743712237309,False,8,0.05
kdd_air,-1.0022686,-0.06731057751739891,False,8,0.05
kdd_air,-0.4619218,-0.035246190759253976,False,8,0.05
kdd_air,-1.5549251,-0.5396313622939599,False,8,0.05
kdd_air,-1.2496707,-0.31384048349761906,False,8,0.05
kdd_air,-1.0350678,-0.1220891597308041,False,8,0.05
kdd_air,-1.2725264,-0.2960008011427431,False,8,0.05
kdd_air,-0.9152233,-0.026530885018095585,False,8,0.05
kdd_air,-1.710192,-0.1939372778306322,False,8,0.05
kdd_air,-0.49199355,-0.06827556123100806,False,8,0.05
kdd_air,3.1058443,-3.1756108557139378,True,8,0.05
kdd_air,0.37114853,-0.09046591904037626,False,8,0.05
kdd_air,0.43957412,0.17435712611838738,False,8,0.05
kdd_air,-0.51361436,-1.4154365145365553,False,8,0.05
kdd_air,-0.72753847,0.4516125615127915,False,8,0.05
kdd_air,-1.6539105,-0.1832021930802576,False,8,0.05
kdd_air,-0.7853027,-0.2041741954873003,False,8,0.05
kdd_air,-1.0235764,-0.05095424573224931,False,8,0.05
kdd_air,-1.120176,-0.18422490083540632,False,8,0.05
kdd_air,-1.104288,-0.06776625613483778,False,8,0.05
kdd_air,-0.4338166,-0.08496383742407337,False,8,0.05
kdd_air,-0.28223324,0.06470413671556438,False,8,0.05
kdd_air,-0.9241292,-0.37691204796935884,False,8,0.05
kdd_air,-0.91915506,-0.1928944145972717,False,8,0.05
kdd_air,-0.77020633,-0.10947145207727843,False,8,0.05
kdd_air,-1.27697,-0.2595504463744065,False,8,0.05
kdd_air,-0.9042497,-0.006087749493952299,False,8,0.05
kdd_air,-1.1573143,-0.1716536727181014,False,8,0.05
kdd_air,-0.7328063,-0.08374771361078326,False,8,0.05
kdd_air,-1.7071337,-0.3569287414868817,False,8,0.05
kdd_air,-0.7931657,0.3259786780028445,False,8,0.05
kdd_air,-1.442656,-0.16622143620478275,False,8,0.05
kdd_air,-1.020825,-0.3039862068090138,False,8,0.05
kdd_air,-0.964933,-0.03338928878512304,False,8,0.05
kdd_air,-0.95862454,0.09277576174519786,False,8,0.05
kdd_air,-0.9733593,-0.0691585611511387,False,8,0.05
kdd_air,-1.2998083,-0.20775739821334435,False,8,0.05
kdd_air,-0.9623957,-0.038500622824220176,False,8,0.05
kdd_air,-0.11782573,0.05256184855783097,False,8,0.05
kdd_air,-0.28991598,-0.08206028901153134,False,8,0.05
kdd_air,0.010921925,0.03673560944436216,False,8,0.05
kdd_air,-0.78330857,-0.5823987420741419,False,8,0.05
kdd_air,-0.24066691,0.056793419219422436,False,8,0.05
kdd_air,-0.8978643,-0.18438194365500726,False,8,0.05
kdd_air,-0.83112186,-0.39049204471955473,False,8,0.05
kdd_air,-1.0614194,-2.209849411432316,False,8,0.05
kdd_air,-1.0794528,-0.23299111858730803,False,8,0.05
kdd_air,-1.2517188,-0.5563785423213892,False,8,0.05
kdd_air,-1.1122946,0.10467238623153996,False,8,0.05
kdd_air,-1.1505641,-0.01480318416970898,False,8,0.05
kdd_air,-1.402947,-0.19714324223859428,False,8,0.05
kdd_air,-0.54264265,0.0052965533950793675,False,8,0.05
kdd_air,-1.3861182,0.02824110807187393,False,8,0.05
kdd_air,-0.7549159,-0.2596367093518837,False,8,0.05
nn5,-0.30598634,-0.48457702553011683,False,8,0.05
nn5,0.32796824,-0.5187254629140435,False,8,0.05
nn5,-0.7977756,-0.6175826111045958,False,8,0.05
nn5,-0.30829734,-0.5897189365634613,False,8,0.05
nn5,0.027808487,-0.13749898889343815,False,8,0.05
nn5,0.35604233,-0.7245226716093196,False,8,0.05
nn5,-0.5448107,-1.7957189225565315,False,8,0.05
nn5,-0.27092755,-0.6730323172014518,False,8,0.05
nn5,-0.14901258,-0.1650662326748138,False,8,0.05
nn5,0.533933,-0.28988209438939566,False,8,0.05
nn5,-0.10501085,-0.06862299390858106,False,8,0.05
nn5,-0.20494564,0.005275699442139792,False,8,0.05
nn5,0.11982433,-0.25859628259436684,False,8,0.05
nn5,0.7603542,-0.31015379575906166,True,8,0.05
nn5,0.25696254,-0.07549379762215414,False,8,0.05
nn5,0.28463125,-0.009396225911083356,False,8,0.05
nn5,0.15664575,-0.35568301612577824,False,8,0.05
nn5,0.74136096,-0.6684832187907201,True,8,0.05
nn5,-0.078352645,-0.40163425451234636,False,8,0.05
nn5,-0.09551935,-0.2713775356178373,False,8,0.05
nn5,0.14978245,-0.3562143635034175,False,8,0.05
nn5,0.70005864,-0.38024488833296444,False,8,0.05
nn5,0.072568566,-0.12714740224964738,False,8,0.05
nn5,0.049936295,-0.0293979318414872,False,8,0.05
nn5,-0.040951774,0.01777453048788169,False,8,0.05
nn5,0.56781584,0.019280460441546188,False,8,0.05
nn5,-0.26498675,-0.014546408676007316,False,8,0.05
nn5,-0.16655098,0.0047809014500833635,False,8,0.05
nn5,0.0111243725,-0.43096909032601727,False,8,0.05
nn5,0.81880605,-0.5136115237267165,True,8,0.05
nn5,0.02896978,-0.5474983925447325,False,8,0.05
nn5,0.07802613,-0.47213996648571466,False,8,0.05
nn5,-0.31538028,-0.31193166757473256,False,8,0.05
nn5,0.5132454,-0.36995445855043174,False,8,0.05
nn5,-0.03856899,-0.6382870176019828,False,8,0.05
nn5,-0.10614611,-0.34369726310302506,False,8,0.05
nn5,-0.22205095,-0.4047704378059278,False,8,0.05
nn5,0.39553362,-0.38991662812832023,False,8,0.05
nn5,-0.45443696,-0.5316338018468457,False,8,0.05
nn5,-0.3129292,-0.23808265205120693,False,8,0.05
nn5,-0.2426476,0.43102746914735324,False,8,0.05
nn5,0.36537242,0.19244013562765927,False,8,0.05
nn5,-0.003783375,-0.4871664333938801,False,8,0.05
nn5,0.03257838,0.5363946037278344,False,8,0.05
nn5,-0.43246806,-0.16646146851475785,False,8,0.05
nn5,0.6215164,0.018753978420380513,False,8,0.05
nn5,-0.21035032,-0.0026198398062893258,False,8,0.05
nn5,-0.08628313,0.1791515548759297,False,8,0.05
nn5,-0.038637713,-0.08333318175010629,False,8,0.05
nn5,0.59569484,-0.22427646607747265,False,8,0.05
nn5,-0.21759419,-0.13233587650712886,False,8,0.05
nn5,-0.13364638,-0.04813407945859849,False,8,0.05
nn5,-0.7825944,0.06433270416563497,False,8,0.05
nn5,-0.63677824,0.4258547063739533,False,8,0.05
nn5,-0.762064,-0.21259307114415726,False,8,0.05
nn5,-0.95341736,-0.21302145843380238,False,8,0.05
nn5,-1.2481014,-1.1436730355408125,False,8,0.05
nn5,-0.01308015,-0.6536103896293859,False,8,0.05
nn5,-0.525894,0.10427606136562528,False,8,0.05
nn5,-0.6727204,0.17025831635383537,False,8,0.05
nn5,-0.80714154,-0.04497960641655596,False,8,0.05
nn5,-0.008132994,-0.2539874287469319,False,8,0.05
nn5,-0.77793723,0.06929911993218996,False,8,0.05
nn5,-0.8966847,-0.015930665442604575,False,8,0.05
nn5,0.5605796,-0.21031459722781604,False,8,0.05
nn5,1.0989435,-0.24722472810731622,True,8,0.05
nn5,0.43166,-0.7377670055140091,False,8,0.05
nn5,0.31135464,-0.10996139544659594,False,8,0.05
nn5,-0.39288408,0.3485868021813827,False,8,0.05
nn5,-0.2779755,0.3780426172436604,False,8,0.05
nn5,-0.63920516,0.7234336965717549,False,8,0.05
nn5,-0.6047481,1.2473484146276688,False,8,0.05
nn5,0.06803234,-0.2643762882935318,False,8,0.05
nn5,0.68812805,-0.3968054674472318,False,8,0.05
nn5,0.06632303,-0.22650339094583605,False,8,0.05
nn5,0.1450899,-0.18948451162761182,False,8,0.05
nn5,-0.086409494,-0.058322349929665895,False,8,0.05
nn5,0.66298735,-0.3718604514035032,False,8,0.05
nn5,-0.17307062,-0.2066353604345813,False,8,0.05
nn5,0.0043140203,0.10124246443101015,False,8,0.05
nn5,-0.3461221,-0.12180278373889664,False,8,0.05
nn5,0.65294284,-0.0792589058714448,False,8,0.05
nn5,-0.31926715,-0.19612019988974694,False,8,0.05
nn5,-0.13501249,-0.08163104590303294,False,8,0.05
nn5,0.4570682,-0.6221734077246002,False,8,0.05
nn5,0.76195425,-0.753074938015494,True,8,0.05
nn5,0.36915463,-0.497732677418561,False,8,0.05
nn5,0.27564073,-0.6789281580858308,False,8,0.05
nn5,0.039665177,-0.7351257824926661,False,8,0.05
nn5,0.33515203,-0.7415914458250317,False,8,0.05
nn5,-0.08511932,-0.39254409351036446,False,8,0.05
nn5,-0.09344183,-0.306391689102255,False,8,0.05
nn5,-0.29974204,0.004639608259727757,False,8,0.05
nn5,0.473989,-0.17812868564113216,False,8,0.05
nn5,0.027133778,-0.04088475800668956,False,8,0.05
nn5,0.13844559,0.14695006656603082,False,8,0.05
fred_md,0.79035646,0.009637294323193601,True,8,0.05
fred_md,-0.30222303,0.05182290042329876,False,8,0.05
fred_md,0.15056403,-1.5942745914648717,False,8,0.05
fred_md,-0.9938517,-0.09682271328664938,False,8,0.05
fred_md,0.8653841,-0.03662161845234853,True,8,0.05
fred_md,0.9918001,0.04394406369685082,True,8,0.05
fred_md,-0.20619856,0.13330017257915944,False,8,0.05
fred_md,-0.24992923,0.5399473981977584,False,8,0.05
fred_md,-0.10261862,0.29184293802708083,False,8,0.05
fred_md,0.14289998,0.8462139121562398,False,8,0.05
fred_md,-0.20581318,0.7413446730656688,False,8,0.05
fred_md,0.09254573,0.34447273256137123,False,8,0.05
fred_md,-0.41690576,0.028861189281794705,False,8,0.05
fred_md,-0.092812225,-0.35263367763564446,False,8,0.05
fred_md,0.18227363,-0.09320172262257269,False,8,0.05
fred_md,-0.18524592,-0.2166279633849791,False,8,0.05
fred_md,1.4495174,-1.653580890928728,True,8,0.05
fred_md,0.8715292,1.1359098471687807,True,8,0.05
fred_md,0.8192159,-0.24273806231629658,True,8,0.05
fred_md,0.86894953,-0.4123658333284463,True,8,0.05
fred_md,0.79635465,-0.019439159262409095,True,8,0.05
fred_md,0.8094662,-0.0021723750801688375,True,8,0.05
fred_md,0.85889524,-0.0011792825921853965,True,8,0.05
fred_md,0.8549274,-0.004108568662511894,True,8,0.05
fred_md,-0.12240718,-0.8052531613104895,False,8,0.05
fred_md,-0.62816304,-0.5923372689163293,False,8,0.05
fred_md,-0.93053645,0.02796787396156332,False,8,0.05
fred_md,-0.18066765,0.014082576630282187,False,8,0.05
fred_md,-1.9055735,-0.4624909542783258,False,8,0.05
fred_md,-1.4700514,-0.4065910113419089,False,8,0.05
fred_md,0.20210348,-0.1852658716456273,False,8,0.05
fred_md,-0.46939677,-0.16369835805205446,False,8,0.05
fred_md,-1.1287004,-0.1570333815523606,False,8,0.05
fred_md,-0.8282315,-0.020499761672883643,False,8,0.05
fred_md,-0.21436684,0.08022260207757625,False,8,0.05
fred_md,-0.011588782,-0.4683707254094121,False,8,0.05
fred_md,-0.13393544,-0.1426931104440297,False,8,0.05
fred_md,0.13278556,-0.4752222290080551,False,8,0.05
fred_md,-0.5063236,-0.7093814010580092,False,8,0.05
fred_md,-0.20637934,0.005827485785706202,False,8,0.05
fred_md,0.8114068,0.005164091584035191,True,8,0.05
fred_md,0.758447,-0.062291290235502096,True,8,0.05
fred_md,0.8816441,-0.0026209504189012023,True,8,0.05
fred_md,0.8839725,0.011637191320706581,True,8,0.05
fred_md,0.7922026,-0.010022501200808165,True,8,0.05
fred_md,0.90367395,0.017913225832463315,True,8,0.05
fred_md,0.9402092,0.06033842979504319,True,8,0.05
fred_md,0.81149936,0.12902094935049035,True,8,0.05
fred_md,0.040301174,-0.01092409640407796,False,8,0.05
fred_md,-0.6571964,0.8756892994790042,False,8,0.05
fred_md,0.12180944,-0.2976463074358122,False,8,0.05
fred_md,0.6530722,-0.21227294673036332,False,8,0.05
fred_md,-0.030214474,0.0011030616618441513,False,8,0.05
fred_md,-0.29250318,0.06432957828662349,False,8,0.05
fred_md,-0.73921835,-0.24044781425330938,False,8,0.05
fred_md,-0.26599348,0.3313623238420824,False,8,0.05
fred_md,-0.016984254,-0.3157853260795278,False,8,0.05
fred_md,0.06544745,-0.08527125498317764,False,8,0.05
fred_md,-0.9169993,-0.004380043318924719,False,8,0.05
fred_md,-0.14374013,-0.3246638938137091,False,8,0.05
fred_md,0.8019738,-0.012254751955505109,True,8,0.05
fred_md,0.8139235,-0.0034328069769694984,True,8,0.05
fred_md,0.88078713,0.0024803594976295553,True,8,0.05
fred_md,0.8896753,-0.004326570973238594,True,8,0.05
fred_md,-0.022582844,0.25290527846843547,False,8,0.05
fred_md,-0.47855937,0.050072986809285666,False,8,0.05
fred_md,0.1431165,-0.059623181010548386,False,8,0.05
fred_md,-0.21533431,-0.9937790076697511,False,8,0.05
fred_md,0.80897987,0.05944039599635668,True,8,0.05
fred_md,0.816462,0.1171298491390947,True,8,0.05
fred_md,0.81639016,0.11577148137683933,True,8,0.05
fred_md,0.85399497,0.08372617235939592,True,8,0.05
fred_md,0.83193177,-0.0031010240145453345,True,8,0.05
fred_md,0.80074227,-0.022734747136714382,True,8,0.05
fred_md,0.7864948,-0.012324636570118248,True,8,0.05
fred_md,0.82102144,-0.0024754547024485873,True,8,0.05
fred_md,0.108548835,-0.24761782166821864,False,8,0.05
fred_md,0.13291869,-0.5982481769168435,False,8,0.05
fred_md,0.064878955,0.17315281012370676,False,8,0.05
fred_md,0.93895006,-0.13703198673871836,True,8,0.05
fred_md,0.7072302,0.00030314940453498446,False,8,0.05
fred_md,0.76033807,-0.07752303972053673,True,8,0.05
fred_md,0.8798229,0.006371935727993142,True,8,0.05
fred_md,0.82099956,0.014957583975222143,True,8,0.05
fred_md,-0.32809508,0.5635265096251109,False,8,0.05
fred_md,-0.42518467,-0.15935645677545904,False,8,0.05
fred_md,0.36977902,0.0276299377082457,False,8,0.05
fred_md,-0.23954277,-0.32973960684365505,False,8,0.05
fred_md,0.74002796,-0.028559897428924806,True,8,0.05
fred_md,0.73953,-0.07123203150135282,True,8,0.05
fred_md,0.8565721,-0.01777065756908769,True,8,0.05
fred_md,0.83760005,-0.004040520088532654,True,8,0.05
fred_md,0.7653987,-0.0006792826562692263,True,8,0.05
fred_md,0.75503063,-0.06727420512382783,True,8,0.05
fred_md,0.88353837,-0.0018030603494310071,True,8,0.05
fred_md,0.8744705,0.012820230076404943,True,8,0.05
rideshare,-1.8799433,-0.3502173213253089,False,8,0.05
rideshare,-1.1770236,-0.08444897585607632,False,8,0.05
rideshare,-1.4600841,-0.07617509427488223,False,8,0.05
rideshare,-1.1726263,-0.4772503206830727,False,8,0.05
rideshare,-1.9840835,-0.35015166940270487,False,8,0.05
rideshare,-1.2814357,-0.09600828925548655,False,8,0.05
rideshare,-1.5644964,-0.08391930469042683,False,8,0.05
rideshare,-1.2770387,-0.48452485580127913,False,8,0.05
rideshare,-1.9840835,-0.35015166940270487,False,8,0.05
rideshare,-1.2814357,-0.09600828925548655,False,8,0.05
rideshare,-1.5644964,-0.08391930469042683,False,8,0.05
rideshare,-1.2770387,-0.48452485580127913,False,8,0.05
rideshare,-1.982855,-0.3500560560124212,False,8,0.05
rideshare,-1.28047,-0.09610551898592709,False,8,0.05
rideshare,-1.5635303,-0.08399172757535567,False,8,0.05
rideshare,-1.2760726,-0.4857763503717092,False,8,0.05
rideshare,-1.9544462,-0.34073800866767456,False,8,0.05
rideshare,-1.2517989,-0.0801299555539039,False,8,0.05
rideshare,-1.5348591,-0.07187007179051659,False,8,0.05
rideshare,-1.2474008,-0.3948907075645336,False,8,0.05
rideshare,-2.0633774,-0.3379737833033788,False,8,0.05
rideshare,-1.3607292,-0.08790104168021944,False,8,0.05
rideshare,-1.6437899,-0.07737830010187412,False,8,0.05
rideshare,-1.3563313,-0.3603169036702154,False,8,0.05
rideshare,-1.9847583,-0.3497705837482818,False,8,0.05
rideshare,-1.2823738,-0.0959138083876597,False,8,0.05
rideshare,-1.5654343,-0.08384892179209598,False,8,0.05
rideshare,-1.2779763,-0.4833094075271589,False,8,0.05
rideshare,-1.9665116,-0.339895153880739,False,8,0.05
rideshare,-1.2641276,-0.0804631901636584,False,8,0.05
rideshare,-1.5471876,-0.0725430420447927,False,8,0.05
rideshare,-1.25973,-0.35343401291316456,False,8,0.05
rideshare,-1.6992519,-0.3717004839567295,False,8,0.05
rideshare,-0.9963319,-0.1115838274297906,False,8,0.05
rideshare,-1.2793931,-0.10142548095429464,False,8,0.05
rideshare,-0.9919346,-0.38680135898615353,False,8,0.05
rideshare,-2.0632467,-0.33786021828303525,False,8,0.05
rideshare,-1.3608621,-0.08794553592931287,False,8,0.05
rideshare,-1.643922,-0.07733461306927047,False,8,0.05
rideshare,-1.3564643,-0.3610701680069912,False,8,0.05
rideshare,-1.94113,-0.3450225173181713,False,8,0.05
rideshare,-1.2382104,-0.0900383565764334,False,8,0.05
rideshare,-1.521271,-0.08015087933340286,False,8,0.05
rideshare,-1.2338134,-0.45627343169534296,False,8,0.05
rideshare,-1.9860626,-0.3381602781171509,False,8,0.05
rideshare,-1.283415,-0.07957319665515665,False,8,0.05
rideshare,-1.5664753,-0.07259053615537425,False,8,0.05
rideshare,-1.2790173,-0.29975018905924483,False,8,0.05
rideshare,-1.9840835,-0.35015166940270487,False,8,0.05
rideshare,-1.2814357,-0.09600828925548655,False,8,0.05
rideshare,-1.5644964,-0.08391930469042683,False,8,0.05
rideshare,-1.2770387,-0.48452485580127913,False,8,0.05
rideshare,-2.7111225,-0.44937063142984385,False,8,0.05
rideshare,-2.7111225,-0.44937063142984385,False,8,0.05
rideshare,-2.7111225,-0.44937063142984385,False,8,0.05
rideshare,-2.7111225,-0.44937063142984385,False,8,0.05
rideshare,-1.8698558,-0.3513686534063171,False,8,0.05
rideshare,-1.167471,-0.0859048781042618,False,8,0.05
rideshare,-1.4505316,-0.07181836616957979,False,8,0.05
rideshare,-1.1630739,-0.47066267557547947,False,8,0.05
rideshare,-1.9475476,-0.35544717739672593,False,8,0.05
rideshare,-1.2451626,-0.1056470141363454,False,8,0.05
rideshare,-1.5282235,-0.09101324305043394,False,8,0.05
rideshare,-1.2407653,-0.48414759717717715,False,8,0.05
rideshare,-2.0331717,-0.3328158199665984,False,8,0.05
rideshare,-1.3302524,-0.07724868232983677,False,8,0.05
rideshare,-1.6133128,-0.07063282051112434,False,8,0.05
rideshare,-1.3258544,-0.29603170504323933,False,8,0.05
rideshare,-1.9840835,-0.35015166940270487,False,8,0.05
rideshare,-1.2814357,-0.09600828925548655,False,8,0.05
rideshare,-1.5644964,-0.08391930469042683,False,8,0.05
rideshare,-1.2770387,-0.48452485580127913,False,8,0.05
rideshare,-2.0985177,-0.33205000396000334,False,8,0.05
rideshare,-1.3958695,-0.08257136577530666,False,8,0.05
rideshare,-1.6789304,-0.07447508819187239,False,8,0.05
rideshare,-1.391472,-0.2993704871953338,False,8,0.05
rideshare,-2.18651,-0.31713338155155846,False,8,0.05
rideshare,-1.4835907,-0.07336285981058843,False,8,0.05
rideshare,-1.7666513,-0.0658747250225223,False,8,0.05
rideshare,-1.4791933,-0.23061642888981798,False,8,0.05
rideshare,-1.8664166,-0.35084091360867414,False,8,0.05
rideshare,-1.1637685,-0.08462609468594806,False,8,0.05
rideshare,-1.446829,-0.07583930711746885,False,8,0.05
rideshare,-1.1593715,-0.46987707314119653,False,8,0.05
rideshare,-1.982855,-0.3500560560124212,False,8,0.05
rideshare,-1.28047,-0.09610551898592709,False,8,0.05
rideshare,-1.5635303,-0.08399172757535567,False,8,0.05
rideshare,-1.2760726,-0.4857763503717092,False,8,0.05
rideshare,-1.873681,-0.35058755671794845,False,8,0.05
rideshare,-1.1707615,-0.08445047233363627,False,8,0.05
rideshare,-1.4538215,-0.07530372860406587,False,8,0.05
rideshare,-1.1663638,-0.47368926753814233,False,8,0.05
rideshare,-2.0960062,-0.33281717801575894,False,8,0.05
rideshare,-1.3933581,-0.08302304236776041,False,8,0.05
rideshare,-1.6764189,-0.0747779367573441,False,8,0.05
rideshare,-1.3889606,-0.3042132853155457,False,8,0.05
temperature_rain,-0.26788604,-1.9926577584539418,False,8,0.05
temperature_rain,-0.8837376,-2.13130655502104,False,8,0.05
temperature_rain,0.6444691,-0.4470994887344242,False,8,0.05
temperature_rain,-0.8889565,-2.608575906629355,False,8,0.05
temperature_rain,-0.28055346,-1.4894884223715037,False,8,0.05
temperature_rain,-0.58233255,-0.3398614541374063,False,8,0.05
temperature_rain,0.18361223,-0.4757390086615003,False,8,0.05
temperature_rain,0.03969957,0.22138077928667588,False,8,0.05
temperature_rain,-2.679202,-0.15418995365587068,False,8,0.05
temperature_rain,-1.7873892,-0.3104824541782968,False,8,0.05
temperature_rain,-2.165451,-0.5795255855786399,False,8,0.05
temperature_rain,-2.9131627,-1.712356087038459,False,8,0.05
temperature_rain,1.1573423,-1.5528976105347656,True,8,0.05
temperature_rain,1.9949821,-0.45605465314460325,True,8,0.05
temperature_rain,1.8797241,-0.35268604901096445,True,8,0.05
temperature_rain,1.9838829,0.34446484390280707,True,8,0.05
temperature_rain,1.238445,0.16896439963558407,True,8,0.05
temperature_rain,0.6491417,-0.9344317097811565,False,8,0.05
temperature_rain,0.12998565,-0.8721616414023163,False,8,0.05
temperature_rain,2.2929752,-0.8723553623612919,True,8,0.05
temperature_rain,7.440728,-0.31262936453699197,True,8,0.05
temperature_rain,3.7017713,-0.6980871179780088,True,8,0.05
temperature_rain,5.196653,0.45806903695107226,True,8,0.05
temperature_rain,4.9418526,-0.48380904457537355,True,8,0.05
temperature_rain,-0.8730877,-0.3558213696585831,False,8,0.05
temperature_rain,-2.386275,-0.7155500331737116,False,8,0.05
temperature_rain,-1.9998547,-0.14161473545330036,False,8,0.05
temperature_rain,-2.4959824,-0.4193869479542787,False,8,0.05
temperature_rain,0.087866664,-0.3742427663591391,False,8,0.05
temperature_rain,-0.7711521,-0.1789949029379274,False,8,0.05
temperature_rain,-0.43180317,-0.40539389355518607,False,8,0.05
temperature_rain,-0.5342757,-0.2942626558064343,False,8,0.05
temperature_rain,-1.0202451,-0.21963033440188773,False,8,0.05
temperature_rain,-2.3337631,-0.1910187484042194,False,8,0.05
temperature_rain,-1.2618319,-0.20527288806245536,False,8,0.05
temperature_rain,-0.7793511,-0.10568129381802302,False,8,0.05
temperature_rain,0.6770382,0.07250504128001056,False,8,0.05
temperature_rain,0.18805338,-0.37793183609441683,False,8,0.05
temperature_rain,-0.18687873,-0.38654241654305554,False,8,0.05
temperature_rain,0.84803367,0.3051959225363273,True,8,0.05
temperature_rain,2.782832,-0.800210843370909,True,8,0.05
temperature_rain,3.586967,0.08067312940807625,True,8,0.05
temperature_rain,2.8281791,-1.516172084322001,True,8,0.05
temperature_rain,4.412299,0.008046171423129245,True,8,0.05
temperature_rain,-0.65042895,-0.7259658865373475,False,8,0.05
temperature_rain,-1.1044773,-0.5405129815199733,False,8,0.05
temperature_rain,-1.331319,-0.11904782177742629,False,8,0.05
temperature_rain,-2.3878396,-0.2508784302436368,False,8,0.05
temperature_rain,-1.1282343,-0.40646362445329154,False,8,0.05
temperature_rain,-1.0324482,-0.22482336284830817,False,8,0.05
temperature_rain,-1.2826933,-0.2555657785648186,False,8,0.05
temperature_rain,-3.5869007,-4.6952762913951505,False,8,0.05
temperature_rain,0.58510244,-0.21513366916893473,False,8,0.05
temperature_rain,-0.7612992,-0.44360636153206245,False,8,0.05
temperature_rain,-0.18494396,-0.32650427050197783,False,8,0.05
temperature_rain,0.24683417,-0.2852953426812628,False,8,0.05
temperature_rain,0.56989044,-2.2182266380573985,False,8,0.05
temperature_rain,2.419928,-0.3526953959737753,True,8,0.05
temperature_rain,2.849907,-0.08800700424827612,True,8,0.05
temperature_rain,2.988723,-0.20271900259715148,True,8,0.05
temperature_rain,-0.6988011,-0.30357375957503396,False,8,0.05
temperature_rain,-0.17179938,-0.15895891184985556,False,8,0.05
temperature_rain,-1.017814,-0.20346974370107698,False,8,0.05
temperature_rain,-1.6967056,-0.08781215655184778,False,8,0.05
temperature_rain,-1.2348284,-0.1297171114674877,False,8,0.05
temperature_rain,-1.1419444,-0.4408171493050836,False,8,0.05
temperature_rain,-1.4877425,-0.8955103974549008,False,8,0.05
temperature_rain,-2.0575857,-1.7022518512665317,False,8,0.05
temperature_rain,0.1319802,-0.2193438674669932,False,8,0.05
temperature_rain,-1.2674506,-0.7008396456766122,False,8,0.05
temperature_rain,-0.009056732,0.19631243517541602,False,8,0.05
temperature_rain,-1.3692702,-4.549861724048111,False,8,0.05
temperature_rain,0.19507091,-0.5411798298975443,False,8,0.05
temperature_rain,0.10912286,-0.18754354236466075,False,8,0.05
temperature_rain,0.17170174,0.4200515078953271,False,8,0.05
temperature_rain,-0.1065671,0.3006699916090094,False,8,0.05
temperature_rain,0.15142246,1.6268019651815688,False,8,0.05
temperature_rain,1.6545886,-0.6150501732281546,True,8,0.05
temperature_rain,1.3382136,-1.2360869207566916,True,8,0.05
temperature_rain,1.2580473,-1.2947538921702306,True,8,0.05
temperature_rain,-0.6839655,-0.29943075246741413,False,8,0.05
temperature_rain,-1.5856177,-0.9299158035719107,False,8,0.05
temperature_rain,-0.41507202,-0.12878821753986425,False,8,0.05
temperature_rain,-3.114934,-4.546069316392033,False,8,0.05
temperature_rain,0.38401508,-0.5971774404482968,False,8,0.05
temperature_rain,0.91953516,-0.6375626772624123,True,8,0.05
temperature_rain,0.7881479,-0.27441093954537754,True,8,0.05
temperature_rain,0.6878212,-1.0411505750099614,False,8,0.05
temperature_rain,0.31896222,-1.000590325142746,False,8,0.05
temperature_rain,0.30389142,-0.03464638543198584,False,8,0.05
temperature_rain,0.5528216,-0.7207732718471749,False,8,0.05
temperature_rain,0.10647376,-0.6609753224412955,False,8,0.05
temperature_rain,1.4705222,-0.2592028790103411,True,8,0.05
temperature_rain,1.0540318,-0.4437849998881689,True,8,0.05
temperature_rain,1.149979,-0.20744290974207802,True,8,0.05
temperature_rain,-0.0552236,-2.8204307156430115,False,8,0.05
