dataset,checkpoint,seed,epoch,train_mse,validation_mse
bitcoin,crossfit_seed_17231,17231,1.0,0.42913879840462293,0.42913879840462293
bitcoin,crossfit_seed_17231,17231,2.0,0.425546955547215,0.425546955547215
bitcoin,crossfit_seed_17231,17231,3.0,0.41784956609761276,0.41784956609761276
bitcoin,crossfit_seed_17231,17231,4.0,0.40002021818985173,0.40002021818985173
bitcoin,crossfit_seed_17231,17231,5.0,0.36358535952038235,0.36358535952038235
bitcoin,crossfit_seed_17231,17231,6.0,0.3157764807527448,0.3157764807527448
bitcoin,crossfit_seed_17231,17231,7.0,0.2668773149266655,0.2668773149266655
bitcoin,crossfit_seed_17231,17231,8.0,0.2143872501673522,0.2143872501673522
bitcoin,crossfit_seed_17231,17231,9.0,0.20419487449122065,0.20419487449122065
bitcoin,crossfit_seed_17231,17231,10.0,0.260927865166723,0.260927865166723
bitcoin,crossfit_seed_17231,17231,11.0,0.19788087720488323,0.19788087720488323
bitcoin,crossfit_seed_17231,17231,12.0,0.18423673528947948,0.18423673528947948
bitcoin,crossfit_seed_17231,17231,13.0,0.16786702814293497,0.16786702814293497
bitcoin,crossfit_seed_17231,17231,14.0,0.17493822122061695,0.17493822122061695
bitcoin,crossfit_seed_17231,17231,15.0,0.16983038279009455,0.16983038279009455
bitcoin,crossfit_seed_17231,17231,16.0,0.16543440189626482,0.16543440189626482
bitcoin,crossfit_seed_3407,3407,1.0,0.42963847711130426,0.42963847711130426
bitcoin,crossfit_seed_3407,3407,2.0,0.4262838474026433,0.4262838474026433
bitcoin,crossfit_seed_3407,3407,3.0,0.42128710356759436,0.42128710356759436
bitcoin,crossfit_seed_3407,3407,4.0,0.4090205430984497,0.4090205430984497
bitcoin,crossfit_seed_3407,3407,5.0,0.3849829198033721,0.3849829198033721
bitcoin,crossfit_seed_3407,3407,6.0,0.3472704261909296,0.3472704261909296
bitcoin,crossfit_seed_3407,3407,7.0,0.2951620164108865,0.2951620164108865
bitcoin,crossfit_seed_3407,3407,8.0,0.23881869404404252,0.23881869404404252
bitcoin,crossfit_seed_3407,3407,9.0,0.20012677506900128,0.20012677506900128
bitcoin,crossfit_seed_3407,3407,10.0,0.18757495707199898,0.18757495707199898
bitcoin,crossfit_seed_3407,3407,11.0,0.186296499437756,0.186296499437756
bitcoin,crossfit_seed_3407,3407,12.0,0.15389282486321013,0.15389282486321013
bitcoin,crossfit_seed_3407,3407,13.0,0.16725713032999157,0.16725713032999157
bitcoin,crossfit_seed_3407,3407,14.0,0.159900528781208,0.159900528781208
bitcoin,crossfit_seed_3407,3407,15.0,0.1759201497943313,0.1759201497943313
bitcoin,crossfit_seed_3407,3407,16.0,0.15343510957411777,0.15343510957411777
bitcoin,crossfit_seed_9119,9119,1.0,0.42915884046642866,0.42915884046642866
bitcoin,crossfit_seed_9119,9119,2.0,0.425960330683508,0.425960330683508
bitcoin,crossfit_seed_9119,9119,3.0,0.4189396691911014,0.4189396691911014
bitcoin,crossfit_seed_9119,9119,4.0,0.4006401316987144,0.4006401316987144
bitcoin,crossfit_seed_9119,9119,5.0,0.3680542368947724,0.3680542368947724
bitcoin,crossfit_seed_9119,9119,6.0,0.33285444183849994,0.33285444183849994
bitcoin,crossfit_seed_9119,9119,7.0,0.2638157495745906,0.2638157495745906
bitcoin,crossfit_seed_9119,9119,8.0,0.22160608974503881,0.22160608974503881
bitcoin,crossfit_seed_9119,9119,9.0,0.20314553288030035,0.20314553288030035
bitcoin,crossfit_seed_9119,9119,10.0,0.20077908922124793,0.20077908922124793
bitcoin,crossfit_seed_9119,9119,11.0,0.1970052719116211,0.1970052719116211
bitcoin,crossfit_seed_9119,9119,12.0,0.1551857805914349,0.1551857805914349
bitcoin,crossfit_seed_9119,9119,13.0,0.15920458237330118,0.15920458237330118
bitcoin,crossfit_seed_9119,9119,14.0,0.15392643526012514,0.15392643526012514
bitcoin,crossfit_seed_9119,9119,15.0,0.16835740484573222,0.16835740484573222
bitcoin,crossfit_seed_9119,9119,16.0,0.16796914092552515,0.16796914092552515
bitcoin,final_seed_17231,17231,1.0,0.3879715822361134,6.716688368055555
bitcoin,final_seed_17231,17231,2.0,0.3857473134994507,6.70547477816358
bitcoin,final_seed_17231,17231,3.0,0.3814101340594115,6.693810281635803
bitcoin,final_seed_17231,17231,4.0,0.3721061172308745,6.6770785108024695
bitcoin,final_seed_17231,17231,5.0,0.3590427537759145,6.648356722608025
bitcoin,final_seed_17231,17231,6.0,0.3406716022226546,6.590823929398148
bitcoin,final_seed_17231,17231,7.0,0.32205838958422345,6.483631727430556
bitcoin,final_seed_17231,17231,8.0,0.3060223658879598,6.3553409529320986
bitcoin,final_seed_17231,17231,9.0,0.3084417195231826,6.308622685185185
bitcoin,final_seed_17231,17231,10.0,0.27654524864973845,6.289190899884259
bitcoin,final_seed_17231,17231,11.0,0.27188711916958846,6.336323302469136
bitcoin,final_seed_17231,17231,12.0,0.26994817124472725,6.388897328317901
bitcoin,final_seed_17231,17231,13.0,0.2639431092474196,6.414811197916666
bitcoin,final_seed_17231,17231,14.0,0.25870711273617214,6.387669994212963
bitcoin,final_seed_3407,3407,1.0,0.38810039891137016,6.715331428433642
bitcoin,final_seed_3407,3407,2.0,0.38616740041308933,6.706041425540123
bitcoin,final_seed_3407,3407,3.0,0.38333470512319495,6.693699966242284
bitcoin,final_seed_3407,3407,4.0,0.3776883902373137,6.677525800540123
bitcoin,final_seed_3407,3407,5.0,0.36427342229419285,6.651642674575617
bitcoin,final_seed_3407,3407,6.0,0.3492471233562187,6.602522183641975
bitcoin,final_seed_3407,3407,7.0,0.33170868897879563,6.513447024498457
bitcoin,final_seed_3407,3407,8.0,0.31636245603914614,6.403098476080247
bitcoin,final_seed_3407,3407,9.0,0.301772251173302,6.31021110628858
bitcoin,final_seed_3407,3407,10.0,0.2821602777198509,6.2974928867669755
bitcoin,final_seed_3407,3407,11.0,0.2643921573956807,6.306849199459877
bitcoin,final_seed_3407,3407,12.0,0.2561408755955873,6.337407769097222
bitcoin,final_seed_3407,3407,13.0,0.24497459884043093,6.381406732253087
bitcoin,final_seed_3407,3407,14.0,0.24828098659162168,6.394056230709877
bitcoin,final_seed_9119,9119,1.0,0.38785899789245043,6.715621383101852
bitcoin,final_seed_9119,9119,2.0,0.3858716543074007,6.704341483410494
bitcoin,final_seed_9119,9119,3.0,0.381822129090627,6.6918330439814815
bitcoin,final_seed_9119,9119,4.0,0.37584449295644407,6.674579836998457
bitcoin,final_seed_9119,9119,5.0,0.36089393496513367,6.646927445023148
bitcoin,final_seed_9119,9119,6.0,0.3464678945364775,6.594612630208333
bitcoin,final_seed_9119,9119,7.0,0.33207460465254607,6.504695336612654
bitcoin,final_seed_9119,9119,8.0,0.3205687999725342,6.401586612654321
bitcoin,final_seed_9119,9119,9.0,0.30634381704860264,6.318565538194444
bitcoin,final_seed_9119,9119,10.0,0.28233013329682527,6.275846956983025
bitcoin,final_seed_9119,9119,11.0,0.26910248012454424,6.223189742476852
bitcoin,final_seed_9119,9119,12.0,0.27257674049448083,6.205281274112655
bitcoin,final_seed_9119,9119,13.0,0.25479399495654637,6.273895640432099
bitcoin,final_seed_9119,9119,14.0,0.24146247130853157,6.299075882523148
bitcoin,final_seed_9119,9119,15.0,0.23568583914527186,6.28695987654321
bitcoin,final_seed_9119,9119,16.0,0.2394751685637015,6.2493194203317906
fred_md,crossfit_seed_17231,17231,1.0,0.5206727341369346,0.5206727341369346
fred_md,crossfit_seed_17231,17231,2.0,0.5112985791983428,0.5112985791983428
fred_md,crossfit_seed_17231,17231,3.0,0.4936999590308578,0.4936999590308578
fred_md,crossfit_seed_17231,17231,4.0,0.4645208043080789,0.4645208043080789
fred_md,crossfit_seed_17231,17231,5.0,0.4182252751456367,0.4182252751456367
fred_md,crossfit_seed_17231,17231,6.0,0.36507080550547,0.36507080550547
fred_md,crossfit_seed_17231,17231,7.0,0.32934325050424645,0.32934325050424645
fred_md,crossfit_seed_17231,17231,8.0,0.3356594366055948,0.3356594366055948
fred_md,crossfit_seed_17231,17231,9.0,0.30430903920420893,0.30430903920420893
fred_md,crossfit_seed_17231,17231,10.0,0.2771291191931124,0.2771291191931124
fred_md,crossfit_seed_17231,17231,11.0,0.29462809253621985,0.29462809253621985
fred_md,crossfit_seed_17231,17231,12.0,0.2886664194089395,0.2886664194089395
fred_md,crossfit_seed_17231,17231,13.0,0.28536250856187606,0.28536250856187606
fred_md,crossfit_seed_17231,17231,14.0,0.2669251097573174,0.2669251097573174
fred_md,crossfit_seed_17231,17231,15.0,0.25391934039416136,0.25391934039416136
fred_md,crossfit_seed_17231,17231,16.0,0.2481401573728632,0.2481401573728632
fred_md,crossfit_seed_3407,3407,1.0,0.5223093408125418,0.5223093408125418
fred_md,crossfit_seed_3407,3407,2.0,0.5122389318766417,0.5122389318766417
fred_md,crossfit_seed_3407,3407,3.0,0.4939709073967404,0.4939709073967404
fred_md,crossfit_seed_3407,3407,4.0,0.459197238639549,0.459197238639549
fred_md,crossfit_seed_3407,3407,5.0,0.4161196638036657,0.4161196638036657
fred_md,crossfit_seed_3407,3407,6.0,0.3671016781418412,0.3671016781418412
fred_md,crossfit_seed_3407,3407,7.0,0.3359314733081394,0.3359314733081394
fred_md,crossfit_seed_3407,3407,8.0,0.3272473734837991,0.3272473734837991
fred_md,crossfit_seed_3407,3407,9.0,0.31617635598889104,0.31617635598889104
fred_md,crossfit_seed_3407,3407,10.0,0.2887430301419011,0.2887430301419011
fred_md,crossfit_seed_3407,3407,11.0,0.2951662341753642,0.2951662341753642
fred_md,crossfit_seed_3407,3407,12.0,0.29939239334177087,0.29939239334177087
fred_md,crossfit_seed_3407,3407,13.0,0.2694727381070455,0.2694727381070455
fred_md,crossfit_seed_3407,3407,14.0,0.2595361741604628,0.2595361741604628
fred_md,crossfit_seed_3407,3407,15.0,0.24837442791020428,0.24837442791020428
fred_md,crossfit_seed_3407,3407,16.0,0.24205735822518668,0.24205735822518668
fred_md,crossfit_seed_9119,9119,1.0,0.5211845746746769,0.5211845746746769
fred_md,crossfit_seed_9119,9119,2.0,0.5114982922871908,0.5114982922871908
fred_md,crossfit_seed_9119,9119,3.0,0.4916207966981111,0.4916207966981111
fred_md,crossfit_seed_9119,9119,4.0,0.4594462447696262,0.4594462447696262
fred_md,crossfit_seed_9119,9119,5.0,0.4175677178082643,0.4175677178082643
fred_md,crossfit_seed_9119,9119,6.0,0.3680452682353832,0.3680452682353832
fred_md,crossfit_seed_9119,9119,7.0,0.35161139678072045,0.35161139678072045
fred_md,crossfit_seed_9119,9119,8.0,0.3203225477978035,0.3203225477978035
fred_md,crossfit_seed_9119,9119,9.0,0.31102875537342495,0.31102875537342495
fred_md,crossfit_seed_9119,9119,10.0,0.29988472660382587,0.29988472660382587
fred_md,crossfit_seed_9119,9119,11.0,0.280380638661208,0.280380638661208
fred_md,crossfit_seed_9119,9119,12.0,0.2667865835958057,0.2667865835958057
fred_md,crossfit_seed_9119,9119,13.0,0.26476021938853794,0.26476021938853794
fred_md,crossfit_seed_9119,9119,14.0,0.2590505044769358,0.2590505044769358
fred_md,crossfit_seed_9119,9119,15.0,0.2508071385048054,0.2508071385048054
fred_md,crossfit_seed_9119,9119,16.0,0.24381905573385734,0.24381905573385734
fred_md,final_seed_17231,17231,1.0,0.4992847575081719,0.3724199577614113
fred_md,final_seed_17231,17231,2.0,0.48019034001562333,0.3680151480215567
fred_md,final_seed_17231,17231,3.0,0.43114851580725777,0.36058404710557723
fred_md,final_seed_17231,17231,4.0,0.35651689767837524,0.34507214581524887
fred_md,final_seed_17231,17231,5.0,0.30122142367892796,0.3158031039767795
fred_md,final_seed_17231,17231,6.0,0.30282805694474113,0.2928360303243001
fred_md,final_seed_17231,17231,7.0,0.26594892475340104,0.289968384636773
fred_md,final_seed_17231,17231,8.0,0.2466571248239941,0.2910634323402687
fred_md,final_seed_17231,17231,9.0,0.2396285268995497,0.27219297267772535
fred_md,final_seed_17231,17231,10.0,0.23260745737287733,0.2264715653878671
fred_md,final_seed_17231,17231,11.0,0.21587600310643515,0.1713501082526313
fred_md,final_seed_17231,17231,12.0,0.211383988459905,0.1546995728104203
fred_md,final_seed_17231,17231,13.0,0.20074769854545593,0.1659229419849537
fred_md,final_seed_17231,17231,14.0,0.20646173424190944,0.1640011292916757
fred_md,final_seed_17231,17231,15.0,0.20403057667944166,0.1380392798671016
fred_md,final_seed_17231,17231,16.0,0.20029480589760673,0.11162010828653972
fred_md,final_seed_17231,17231,17.0,0.19334554341104296,0.10345277079829464
fred_md,final_seed_17231,17231,18.0,0.1979657378461626,0.10361373866045917
fred_md,final_seed_17231,17231,19.0,0.18610861069626278,0.10491712888081868
fred_md,final_seed_17231,17231,20.0,0.18536202112833658,0.10121483272976345
fred_md,final_seed_3407,3407,1.0,0.5017595556047227,0.37442504035102
fred_md,final_seed_3407,3407,2.0,0.4820622338189019,0.36968584413881656
fred_md,final_seed_3407,3407,3.0,0.4380278123749627,0.3611570287633825
fred_md,final_seed_3407,3407,4.0,0.3586538467142317,0.3437889946831597
fred_md,final_seed_3407,3407,5.0,0.2917289733886719,0.31943709762008105
fred_md,final_seed_3407,3407,6.0,0.30534636974334717,0.2922343854550962
fred_md,final_seed_3407,3407,7.0,0.2688608434465196,0.2756140850208424
fred_md,final_seed_3407,3407,8.0,0.2568289107746548,0.27416485327261464
fred_md,final_seed_3407,3407,9.0,0.23185880647765267,0.25592694459138093
fred_md,final_seed_3407,3407,10.0,0.22158056166436937,0.20240532910382306
fred_md,final_seed_3407,3407,11.0,0.21997887889544168,0.15660856388233327
fred_md,final_seed_3407,3407,12.0,0.21706951161225638,0.16021043282968025
fred_md,final_seed_3407,3407,13.0,0.19479266140196058,0.17120509677463108
fred_md,final_seed_3407,3407,14.0,0.20675704214307997,0.15629051349781178
fred_md,final_seed_3407,3407,15.0,0.1869997282822927,0.11669892734951443
fred_md,final_seed_3407,3407,16.0,0.19534639517466226,0.10682036258556225
fred_md,final_seed_3407,3407,17.0,0.19135070509380764,0.11250697241889106
fred_md,final_seed_3407,3407,18.0,0.1808648341231876,0.11962802321822555
fred_md,final_seed_3407,3407,19.0,0.18815874225563473,0.10544828132346824
fred_md,final_seed_3407,3407,20.0,0.17384184731377494,0.10041704884281864
fred_md,final_seed_9119,9119,1.0,0.5014177527692583,0.3737367347434715
fred_md,final_seed_9119,9119,2.0,0.48492370049158734,0.3696451187133789
fred_md,final_seed_9119,9119,3.0,0.44856274790234035,0.3624184219925492
fred_md,final_seed_9119,9119,4.0,0.37868642144733006,0.3475380650273076
fred_md,final_seed_9119,9119,5.0,0.3109598358472188,0.32152585630063657
fred_md,final_seed_9119,9119,6.0,0.3023224141862657,0.2984937738489222
fred_md,final_seed_9119,9119,7.0,0.25892800754970974,0.28458913167317706
fred_md,final_seed_9119,9119,8.0,0.2367149309979545,0.27313142352634007
fred_md,final_seed_9119,9119,9.0,0.23235544727908242,0.25048828125
fred_md,final_seed_9119,9119,10.0,0.227570664551523,0.2227942148844401
fred_md,final_seed_9119,9119,11.0,0.20068726771407658,0.17492350825557001
fred_md,final_seed_9119,9119,12.0,0.20880897177590263,0.15168590898867007
fred_md,final_seed_9119,9119,13.0,0.19956952830155691,0.14928192562527126
fred_md,final_seed_9119,9119,14.0,0.19016993708080715,0.1400645927146629
fred_md,final_seed_9119,9119,15.0,0.185176788104905,0.1206872198316786
fred_md,final_seed_9119,9119,16.0,0.18215020497639975,0.11758281566478589
fred_md,final_seed_9119,9119,17.0,0.18137276503774855,0.11414231194390191
fred_md,final_seed_9119,9119,18.0,0.17845419380399916,0.10074060051529496
fred_md,final_seed_9119,9119,19.0,0.1814906977944904,0.09844753477308485
fred_md,final_seed_9119,9119,20.0,0.17023977471722496,0.09780721311216001
kdd_air,crossfit_seed_17231,17231,1.0,0.5889012151294284,0.5889012151294284
kdd_air,crossfit_seed_17231,17231,2.0,0.5865554588812368,0.5865554588812368
kdd_air,crossfit_seed_17231,17231,3.0,0.5823915258601859,0.5823915258601859
kdd_air,crossfit_seed_17231,17231,4.0,0.5729430748356713,0.5729430748356713
kdd_air,crossfit_seed_17231,17231,5.0,0.5554595070856588,0.5554595070856588
kdd_air,crossfit_seed_17231,17231,6.0,0.5204201484168017,0.5204201484168017
kdd_air,crossfit_seed_17231,17231,7.0,0.49747423662079704,0.49747423662079704
kdd_air,crossfit_seed_17231,17231,8.0,0.46169472844512377,0.46169472844512377
kdd_air,crossfit_seed_17231,17231,9.0,0.453149461083942,0.453149461083942
kdd_air,crossfit_seed_17231,17231,10.0,0.4404339072880922,0.4404339072880922
kdd_air,crossfit_seed_17231,17231,11.0,0.45022343706201623,0.45022343706201623
kdd_air,crossfit_seed_17231,17231,12.0,0.43371930718421936,0.43371930718421936
kdd_air,crossfit_seed_17231,17231,13.0,0.43186807853204234,0.43186807853204234
kdd_air,crossfit_seed_17231,17231,14.0,0.4206206092128047,0.4206206092128047
kdd_air,crossfit_seed_17231,17231,15.0,0.4220156559237727,0.4220156559237727
kdd_air,crossfit_seed_17231,17231,16.0,0.4291559634385286,0.4291559634385286
kdd_air,crossfit_seed_3407,3407,1.0,0.5886089249893471,0.5886089249893471
kdd_air,crossfit_seed_3407,3407,2.0,0.584936362725717,0.584936362725717
kdd_air,crossfit_seed_3407,3407,3.0,0.5807472334967719,0.5807472334967719
kdd_air,crossfit_seed_3407,3407,4.0,0.5718765832759716,0.5718765832759716
kdd_air,crossfit_seed_3407,3407,5.0,0.5523732790240535,0.5523732790240535
kdd_air,crossfit_seed_3407,3407,6.0,0.5229284476350855,0.5229284476350855
kdd_air,crossfit_seed_3407,3407,7.0,0.5103026606418468,0.5103026606418468
kdd_air,crossfit_seed_3407,3407,8.0,0.47411945682984813,0.47411945682984813
kdd_air,crossfit_seed_3407,3407,9.0,0.45562017074337713,0.45562017074337713
kdd_air,crossfit_seed_3407,3407,10.0,0.44982824060651994,0.44982824060651994
kdd_air,crossfit_seed_3407,3407,11.0,0.44752009488918165,0.44752009488918165
kdd_air,crossfit_seed_3407,3407,12.0,0.4295210661711516,0.4295210661711516
kdd_air,crossfit_seed_3407,3407,13.0,0.43156270738001223,0.43156270738001223
kdd_air,crossfit_seed_3407,3407,14.0,0.4251866936683655,0.4251866936683655
kdd_air,crossfit_seed_3407,3407,15.0,0.42239797446462846,0.42239797446462846
kdd_air,crossfit_seed_3407,3407,16.0,0.4229079893341771,0.4229079893341771
kdd_air,crossfit_seed_9119,9119,1.0,0.5883757759023596,0.5883757759023596
kdd_air,crossfit_seed_9119,9119,2.0,0.5851041961599279,0.5851041961599279
kdd_air,crossfit_seed_9119,9119,3.0,0.5794052614106072,0.5794052614106072
kdd_air,crossfit_seed_9119,9119,4.0,0.5682796548914026,0.5682796548914026
kdd_air,crossfit_seed_9119,9119,5.0,0.5485512636325978,0.5485512636325978
kdd_air,crossfit_seed_9119,9119,6.0,0.521181603272756,0.521181603272756
kdd_air,crossfit_seed_9119,9119,7.0,0.49579622017012703,0.49579622017012703
kdd_air,crossfit_seed_9119,9119,8.0,0.4653493850319474,0.4653493850319474
kdd_air,crossfit_seed_9119,9119,9.0,0.4535858288959221,0.4535858288959221
kdd_air,crossfit_seed_9119,9119,10.0,0.43875618113411796,0.43875618113411796
kdd_air,crossfit_seed_9119,9119,11.0,0.43783423746073685,0.43783423746073685
kdd_air,crossfit_seed_9119,9119,12.0,0.43222863916997556,0.43222863916997556
kdd_air,crossfit_seed_9119,9119,13.0,0.4259960684511397,0.4259960684511397
kdd_air,crossfit_seed_9119,9119,14.0,0.4302757040218071,0.4302757040218071
kdd_air,crossfit_seed_9119,9119,15.0,0.42192443984526173,0.42192443984526173
kdd_air,crossfit_seed_9119,9119,16.0,0.4220456944571601,0.4220456944571601
kdd_air,final_seed_17231,17231,1.0,0.8113545510503981,0.48213273507577403
kdd_air,final_seed_17231,17231,2.0,0.7986025214195251,0.4833279009218569
kdd_air,final_seed_17231,17231,3.0,0.7630649904410044,0.484684979474103
kdd_air,final_seed_17231,17231,4.0,0.6867918438381619,0.4872026796694155
kdd_air,final_seed_17231,17231,5.0,0.5600471761491563,0.49039409778736254
kdd_air,final_seed_3407,3407,1.0,0.8119682470957438,0.4810995878996672
kdd_air,final_seed_3407,3407,2.0,0.8028149472342597,0.4818962944878472
kdd_air,final_seed_3407,3407,3.0,0.7775500814119974,0.4829778318051939
kdd_air,final_seed_3407,3407,4.0,0.7139657305346595,0.48504560965078847
kdd_air,final_seed_3407,3407,5.0,0.5728333989779154,0.48828404038040724
kdd_air,final_seed_9119,9119,1.0,0.8112565279006958,0.4819243042557328
kdd_air,final_seed_9119,9119,2.0,0.8007249434789022,0.48266318992332174
kdd_air,final_seed_9119,9119,3.0,0.7816150585810343,0.4836854581479673
kdd_air,final_seed_9119,9119,4.0,0.7257440752453275,0.48570226739954064
kdd_air,final_seed_9119,9119,5.0,0.578452467918396,0.4889868277090567
m4_hourly,crossfit_seed_17231,17231,1.0,0.9615788084489328,0.9615788084489328
m4_hourly,crossfit_seed_17231,17231,2.0,0.9550838006867303,0.9550838006867303
m4_hourly,crossfit_seed_17231,17231,3.0,0.9411337022428159,0.9411337022428159
m4_hourly,crossfit_seed_17231,17231,4.0,0.9101851339693423,0.9101851339693423
m4_hourly,crossfit_seed_17231,17231,5.0,0.8587742359549911,0.8587742359549911
m4_hourly,crossfit_seed_17231,17231,6.0,0.8021203544404771,0.8021203544404771
m4_hourly,crossfit_seed_17231,17231,7.0,0.7590442917965077,0.7590442917965077
m4_hourly,crossfit_seed_17231,17231,8.0,0.709287025310375,0.709287025310375
m4_hourly,crossfit_seed_17231,17231,9.0,0.6385725184723183,0.6385725184723183
m4_hourly,crossfit_seed_17231,17231,10.0,0.5908617112371657,0.5908617112371657
m4_hourly,crossfit_seed_17231,17231,11.0,0.6108094652493795,0.6108094652493795
m4_hourly,crossfit_seed_17231,17231,12.0,0.5912396333835743,0.5912396333835743
m4_hourly,crossfit_seed_17231,17231,13.0,0.582588979491481,0.582588979491481
m4_hourly,crossfit_seed_17231,17231,14.0,0.5769672747011538,0.5769672747011538
m4_hourly,crossfit_seed_17231,17231,15.0,0.564051385279055,0.564051385279055
m4_hourly,crossfit_seed_17231,17231,16.0,0.5684096923580876,0.5684096923580876
m4_hourly,crossfit_seed_3407,3407,1.0,0.9623112523997271,0.9623112523997271
m4_hourly,crossfit_seed_3407,3407,2.0,0.9569740604471277,0.9569740604471277
m4_hourly,crossfit_seed_3407,3407,3.0,0.9440987286744295,0.9440987286744295
m4_hourly,crossfit_seed_3407,3407,4.0,0.9170348070285939,0.9170348070285939
m4_hourly,crossfit_seed_3407,3407,5.0,0.8680356829254715,0.8680356829254715
m4_hourly,crossfit_seed_3407,3407,6.0,0.8094390034675598,0.8094390034675598
m4_hourly,crossfit_seed_3407,3407,7.0,0.7479864403053567,0.7479864403053567
m4_hourly,crossfit_seed_3407,3407,8.0,0.6936825734597666,0.6936825734597666
m4_hourly,crossfit_seed_3407,3407,9.0,0.6257138119803535,0.6257138119803535
m4_hourly,crossfit_seed_3407,3407,10.0,0.5997600047676651,0.5997600047676651
m4_hourly,crossfit_seed_3407,3407,11.0,0.6233027820233945,0.6233027820233945
m4_hourly,crossfit_seed_3407,3407,12.0,0.5796721710099114,0.5796721710099114
m4_hourly,crossfit_seed_3407,3407,13.0,0.5773944898887917,0.5773944898887917
m4_hourly,crossfit_seed_3407,3407,14.0,0.5671096907721626,0.5671096907721626
m4_hourly,crossfit_seed_3407,3407,15.0,0.5679354380678248,0.5679354380678248
m4_hourly,crossfit_seed_3407,3407,16.0,0.5528646663383201,0.5528646663383201
m4_hourly,crossfit_seed_9119,9119,1.0,0.960782198994248,0.960782198994248
m4_hourly,crossfit_seed_9119,9119,2.0,0.9524455048419811,0.9524455048419811
m4_hourly,crossfit_seed_9119,9119,3.0,0.9320578288148951,0.9320578288148951
m4_hourly,crossfit_seed_9119,9119,4.0,0.8959642405863162,0.8959642405863162
m4_hourly,crossfit_seed_9119,9119,5.0,0.842942663916835,0.842942663916835
m4_hourly,crossfit_seed_9119,9119,6.0,0.790419962671068,0.790419962671068
m4_hourly,crossfit_seed_9119,9119,7.0,0.7467004171124211,0.7467004171124211
m4_hourly,crossfit_seed_9119,9119,8.0,0.7002682619624667,0.7002682619624667
m4_hourly,crossfit_seed_9119,9119,9.0,0.6361022061771817,0.6361022061771817
m4_hourly,crossfit_seed_9119,9119,10.0,0.5926548021811026,0.5926548021811026
m4_hourly,crossfit_seed_9119,9119,11.0,0.5912006585686295,0.5912006585686295
m4_hourly,crossfit_seed_9119,9119,12.0,0.5930255320337083,0.5930255320337083
m4_hourly,crossfit_seed_9119,9119,13.0,0.5648955482023733,0.5648955482023733
m4_hourly,crossfit_seed_9119,9119,14.0,0.5505675828015363,0.5505675828015363
m4_hourly,crossfit_seed_9119,9119,15.0,0.551465736495124,0.551465736495124
m4_hourly,crossfit_seed_9119,9119,16.0,0.5319027922771595,0.5319027922771595
m4_hourly,final_seed_17231,17231,1.0,1.0147574212816026,1.0120053467927155
m4_hourly,final_seed_17231,17231,2.0,1.008036004172431,1.0118212523283783
m4_hourly,final_seed_17231,17231,3.0,0.9946457015143501,1.0122754132306133
m4_hourly,final_seed_17231,17231,4.0,0.9570447007815043,1.0126596380163122
m4_hourly,final_seed_17231,17231,5.0,0.8689625528123643,1.0100116023310908
m4_hourly,final_seed_17231,17231,6.0,0.7783399687872993,0.9983483067265263
m4_hourly,final_seed_17231,17231,7.0,0.7357716030544705,0.9793841044108073
m4_hourly,final_seed_17231,17231,8.0,0.6240000989702013,0.9515432428430628
m4_hourly,final_seed_17231,17231,9.0,0.5722343789206611,0.8964669969346788
m4_hourly,final_seed_17231,17231,10.0,0.5522057347827487,0.8384304046630859
m4_hourly,final_seed_17231,17231,11.0,0.5360767311520047,0.7802747090657552
m4_hourly,final_seed_17231,17231,12.0,0.5267197688420614,0.7416138119167752
m4_hourly,final_seed_17231,17231,13.0,0.5083827972412109,0.7101982964409722
m4_hourly,final_seed_17231,17231,14.0,0.49312084913253784,0.6654835453739872
m4_hourly,final_seed_17231,17231,15.0,0.5029362572564019,0.6073023478190104
m4_hourly,final_seed_17231,17231,16.0,0.47977177302042645,0.5595219223587601
m4_hourly,final_seed_17231,17231,17.0,0.4783916738298204,0.5249744697853371
m4_hourly,final_seed_17231,17231,18.0,0.47191155950228375,0.4797752521656178
m4_hourly,final_seed_17231,17231,19.0,0.465021272500356,0.4417344905711986
m4_hourly,final_seed_17231,17231,20.0,0.46582432587941486,0.4427078741568106
m4_hourly,final_seed_3407,3407,1.0,1.0161248710420396,1.010901274504485
m4_hourly,final_seed_3407,3407,2.0,1.0099983943833246,1.0107220543755426
m4_hourly,final_seed_3407,3407,3.0,0.9995490047666762,1.010118908352322
m4_hourly,final_seed_3407,3407,4.0,0.9699898163477579,1.0088975694444444
m4_hourly,final_seed_3407,3407,5.0,0.8957837820053101,1.0054668143943504
m4_hourly,final_seed_3407,3407,6.0,0.7821932567490472,0.993483649359809
m4_hourly,final_seed_3407,3407,7.0,0.6581862966219584,0.9613565515588831
m4_hourly,final_seed_3407,3407,8.0,0.5846571127573649,0.906688407615379
m4_hourly,final_seed_3407,3407,9.0,0.5841438968976339,0.8565603892008463
m4_hourly,final_seed_3407,3407,10.0,0.544395367304484,0.825968000623915
m4_hourly,final_seed_3407,3407,11.0,0.510157995753818,0.8085954454210069
m4_hourly,final_seed_3407,3407,12.0,0.522507005267673,0.7786519085919416
m4_hourly,final_seed_3407,3407,13.0,0.5123174124293857,0.7030242637351707
m4_hourly,final_seed_3407,3407,14.0,0.49428096744749284,0.6047585805257162
m4_hourly,final_seed_3407,3407,15.0,0.48302662041452193,0.539994063200774
m4_hourly,final_seed_3407,3407,16.0,0.4846193922890557,0.5010686450534396
m4_hourly,final_seed_3407,3407,17.0,0.47508508298132157,0.5075167196768301
m4_hourly,final_seed_3407,3407,18.0,0.4671240978770786,0.4829281700981988
m4_hourly,final_seed_3407,3407,19.0,0.4589872294002109,0.46842525623462816
m4_hourly,final_seed_3407,3407,20.0,0.46070486307144165,0.4703809950086806
m4_hourly,final_seed_9119,9119,1.0,1.0150841077168782,1.0112135145399306
m4_hourly,final_seed_9119,9119,2.0,1.006986829969618,1.0106350227638528
m4_hourly,final_seed_9119,9119,3.0,0.9889184501436021,1.01003251252351
m4_hourly,final_seed_9119,9119,4.0,0.9326642884148492,1.008514474939417
m4_hourly,final_seed_9119,9119,5.0,0.8343083262443542,1.0006027221679688
m4_hourly,final_seed_9119,9119,6.0,0.79105277856191,0.9847499706127025
m4_hourly,final_seed_9119,9119,7.0,0.7926968137423197,0.9761222556785301
m4_hourly,final_seed_9119,9119,8.0,0.7509557273652818,0.9730117232711227
m4_hourly,final_seed_9119,9119,9.0,0.7265892823537191,0.9643876817491319
m4_hourly,final_seed_9119,9119,10.0,0.6762363910675049,0.9324120415581597
m4_hourly,final_seed_9119,9119,11.0,0.5995248026318021,0.8528582961470993
m4_hourly,final_seed_9119,9119,12.0,0.5434178974893358,0.7315344633879485
m4_hourly,final_seed_9119,9119,13.0,0.5753423836496141,0.6493453273066768
m4_hourly,final_seed_9119,9119,14.0,0.5437170598242018,0.6335523393419054
m4_hourly,final_seed_9119,9119,15.0,0.5028913782702552,0.6374328754566334
m4_hourly,final_seed_9119,9119,16.0,0.49724921584129333,0.6045222105803313
m4_hourly,final_seed_9119,9119,17.0,0.5022433698177338,0.5306245309335215
m4_hourly,final_seed_9119,9119,18.0,0.4823231233490838,0.455066892835829
m4_hourly,final_seed_9119,9119,19.0,0.46702127655347186,0.4219459957546658
m4_hourly,final_seed_9119,9119,20.0,0.48843514919281006,0.4180444081624349
m4_weekly,crossfit_seed_17231,17231,1.0,0.3136251623983736,0.3136251623983736
m4_weekly,crossfit_seed_17231,17231,2.0,0.3073911600642734,0.3073911600642734
m4_weekly,crossfit_seed_17231,17231,3.0,0.29477913291366015,0.29477913291366015
m4_weekly,crossfit_seed_17231,17231,4.0,0.27938110740096483,0.27938110740096483
m4_weekly,crossfit_seed_17231,17231,5.0,0.26054731673664516,0.26054731673664516
m4_weekly,crossfit_seed_17231,17231,6.0,0.24197892568729543,0.24197892568729543
m4_weekly,crossfit_seed_17231,17231,7.0,0.2313035704471447,0.2313035704471447
m4_weekly,crossfit_seed_17231,17231,8.0,0.23463637409386812,0.23463637409386812
m4_weekly,crossfit_seed_17231,17231,9.0,0.2305904174292529,0.2305904174292529
m4_weekly,crossfit_seed_17231,17231,10.0,0.2258365606820142,0.2258365606820142
m4_weekly,crossfit_seed_17231,17231,11.0,0.2257075326310264,0.2257075326310264
m4_weekly,crossfit_seed_17231,17231,12.0,0.22362345457077026,0.22362345457077026
m4_weekly,crossfit_seed_17231,17231,13.0,0.21648020380073124,0.21648020380073124
m4_weekly,crossfit_seed_17231,17231,14.0,0.2109654634087174,0.2109654634087174
m4_weekly,crossfit_seed_17231,17231,15.0,0.2163066080322972,0.2163066080322972
m4_weekly,crossfit_seed_17231,17231,16.0,0.21302792264355552,0.21302792264355552
m4_weekly,crossfit_seed_3407,3407,1.0,0.31423890590667725,0.31423890590667725
m4_weekly,crossfit_seed_3407,3407,2.0,0.30790688042287473,0.30790688042287473
m4_weekly,crossfit_seed_3407,3407,3.0,0.29864629440837437,0.29864629440837437
m4_weekly,crossfit_seed_3407,3407,4.0,0.28267440420609935,0.28267440420609935
m4_weekly,crossfit_seed_3407,3407,5.0,0.262023546077587,0.262023546077587
m4_weekly,crossfit_seed_3407,3407,6.0,0.24073989634160642,0.24073989634160642
m4_weekly,crossfit_seed_3407,3407,7.0,0.23542931620721463,0.23542931620721463
m4_weekly,crossfit_seed_3407,3407,8.0,0.23792164303638316,0.23792164303638316
m4_weekly,crossfit_seed_3407,3407,9.0,0.23690885470973122,0.23690885470973122
m4_weekly,crossfit_seed_3407,3407,10.0,0.22838780063169975,0.22838780063169975
m4_weekly,crossfit_seed_3407,3407,11.0,0.2274109439717399,0.2274109439717399
m4_weekly,crossfit_seed_3407,3407,12.0,0.2199679602075506,0.2199679602075506
m4_weekly,crossfit_seed_3407,3407,13.0,0.21905551574848317,0.21905551574848317
m4_weekly,crossfit_seed_3407,3407,14.0,0.2189849008012701,0.2189849008012701
m4_weekly,crossfit_seed_3407,3407,15.0,0.21496971117125618,0.21496971117125618
m4_weekly,crossfit_seed_3407,3407,16.0,0.21852540252385316,0.21852540252385316
m4_weekly,crossfit_seed_9119,9119,1.0,0.3139371551849224,0.3139371551849224
m4_weekly,crossfit_seed_9119,9119,2.0,0.30720436241891647,0.30720436241891647
m4_weekly,crossfit_seed_9119,9119,3.0,0.2954511918403484,0.2954511918403484
m4_weekly,crossfit_seed_9119,9119,4.0,0.28000897058734187,0.28000897058734187
m4_weekly,crossfit_seed_9119,9119,5.0,0.2626661233328007,0.2626661233328007
m4_weekly,crossfit_seed_9119,9119,6.0,0.24981641990167122,0.24981641990167122
m4_weekly,crossfit_seed_9119,9119,7.0,0.23972202671898735,0.23972202671898735
m4_weekly,crossfit_seed_9119,9119,8.0,0.232078923119439,0.232078923119439
m4_weekly,crossfit_seed_9119,9119,9.0,0.22854796714252895,0.22854796714252895
m4_weekly,crossfit_seed_9119,9119,10.0,0.22740585329356017,0.22740585329356017
m4_weekly,crossfit_seed_9119,9119,11.0,0.21725184442820372,0.21725184442820372
m4_weekly,crossfit_seed_9119,9119,12.0,0.22002628556004278,0.22002628556004278
m4_weekly,crossfit_seed_9119,9119,13.0,0.2185525452649152,0.2185525452649152
m4_weekly,crossfit_seed_9119,9119,14.0,0.21650694421044103,0.21650694421044103
m4_weekly,crossfit_seed_9119,9119,15.0,0.21371319227748448,0.21371319227748448
m4_weekly,crossfit_seed_9119,9119,16.0,0.2178361526242009,0.2178361526242009
m4_weekly,final_seed_17231,17231,1.0,0.32895546820428634,0.8731769007495326
m4_weekly,final_seed_17231,17231,2.0,0.31879795922173393,0.8671881520850027
m4_weekly,final_seed_17231,17231,3.0,0.2957638270325131,0.8532292292668269
m4_weekly,final_seed_17231,17231,4.0,0.264829706814554,0.8160316923744658
m4_weekly,final_seed_17231,17231,5.0,0.2527790268262227,0.7778086866069044
m4_weekly,final_seed_17231,17231,6.0,0.2666434877448612,0.7880530724158654
m4_weekly,final_seed_17231,17231,7.0,0.24182918833361733,0.7997601500943176
m4_weekly,final_seed_17231,17231,8.0,0.2463149908516142,0.788223136184562
m4_weekly,final_seed_17231,17231,9.0,0.24941397375530666,0.7485603267311031
m4_weekly,final_seed_17231,17231,10.0,0.24016104307439592,0.7013768905248398
m4_weekly,final_seed_17231,17231,11.0,0.23824133475621542,0.6829131036742121
m4_weekly,final_seed_17231,17231,12.0,0.24192500611146292,0.6754111265524839
m4_weekly,final_seed_17231,17231,13.0,0.23560985922813416,0.6283108963925614
m4_weekly,final_seed_17231,17231,14.0,0.2343578338623047,0.5440405821188902
m4_weekly,final_seed_17231,17231,15.0,0.23996728989813063,0.5137783604809362
m4_weekly,final_seed_17231,17231,16.0,0.23297497630119324,0.544524168356871
m4_weekly,final_seed_17231,17231,17.0,0.23506062063905928,0.5810370159964277
m4_weekly,final_seed_17231,17231,18.0,0.22969679368866813,0.5825700026292068
m4_weekly,final_seed_17231,17231,19.0,0.23255903522173563,0.5480813572549412
m4_weekly,final_seed_3407,3407,1.0,0.3293443520863851,0.8714907393496261
m4_weekly,final_seed_3407,3407,2.0,0.3181688255733914,0.8654181325537527
m4_weekly,final_seed_3407,3407,3.0,0.2968035870128208,0.8509917952056624
m4_weekly,final_seed_3407,3407,4.0,0.26459039251009625,0.8143919594267495
m4_weekly,final_seed_3407,3407,5.0,0.2558549228641722,0.7742704081739116
m4_weekly,final_seed_3407,3407,6.0,0.25953777962260777,0.7704141730936165
m4_weekly,final_seed_3407,3407,7.0,0.24947093923886618,0.7834888686481704
m4_weekly,final_seed_3407,3407,8.0,0.24536066585116917,0.7723619509965945
m4_weekly,final_seed_3407,3407,9.0,0.2454698019557529,0.7306976970444378
m4_weekly,final_seed_3407,3407,10.0,0.24204216731919181,0.6780265090811965
m4_weekly,final_seed_3407,3407,11.0,0.23920896980497572,0.6390006562583467
m4_weekly,final_seed_3407,3407,12.0,0.23650637600156996,0.6190165332239917
m4_weekly,final_seed_3407,3407,13.0,0.2314072979821099,0.5916262895633013
m4_weekly,final_seed_3407,3407,14.0,0.23341590497228834,0.5513815594534589
m4_weekly,final_seed_3407,3407,15.0,0.23314459290769365,0.5593721438676883
m4_weekly,final_seed_3407,3407,16.0,0.23409604032834372,0.5685893001719418
m4_weekly,final_seed_3407,3407,17.0,0.23299100001653036,0.553464579785991
m4_weekly,final_seed_3407,3407,18.0,0.23433724376890394,0.510455335307325
m4_weekly,final_seed_3407,3407,19.0,0.23091849353578356,0.45918110904530585
m4_weekly,final_seed_3407,3407,20.0,0.2215983553065194,0.4600394485343216
m4_weekly,final_seed_9119,9119,1.0,0.32926193873087567,0.8751703898111979
m4_weekly,final_seed_9119,9119,2.0,0.3164730966091156,0.8692917783036191
m4_weekly,final_seed_9119,9119,3.0,0.29348768459426033,0.8549496903378739
m4_weekly,final_seed_9119,9119,4.0,0.2668691823879878,0.8257092858991052
m4_weekly,final_seed_9119,9119,5.0,0.2515258623494042,0.8028098864433093
m4_weekly,final_seed_9119,9119,6.0,0.2600944009092119,0.7846703814645098
m4_weekly,final_seed_9119,9119,7.0,0.24962111314137778,0.7801417163294605
m4_weekly,final_seed_9119,9119,8.0,0.24667220479912227,0.7756215282994458
m4_weekly,final_seed_9119,9119,9.0,0.2457861171828376,0.7534765259832399
m4_weekly,final_seed_9119,9119,10.0,0.24237465361754099,0.7054766793536325
m4_weekly,final_seed_9119,9119,11.0,0.2347698989841673,0.6424811599601028
m4_weekly,final_seed_9119,9119,12.0,0.23188333378897774,0.5889931703225161
m4_weekly,final_seed_9119,9119,13.0,0.23579592009385428,0.5953556289020766
m4_weekly,final_seed_9119,9119,14.0,0.23570825656255087,0.5946013621794872
m4_weekly,final_seed_9119,9119,15.0,0.2329134013917711,0.5479631994524573
m4_weekly,final_seed_9119,9119,16.0,0.2277497715420193,0.4960732093224159
m4_weekly,final_seed_9119,9119,17.0,0.23060043652852377,0.4397513234717214
m4_weekly,final_seed_9119,9119,18.0,0.2326322297255198,0.4464732765132545
m4_weekly,final_seed_9119,9119,19.0,0.2262844675117069,0.4747576917338575
m4_weekly,final_seed_9119,9119,20.0,0.22619850436846414,0.4998487814878806
nn5,crossfit_seed_17231,17231,1.0,1.188606403492115,1.188606403492115
nn5,crossfit_seed_17231,17231,2.0,1.1815865304734972,1.1815865304734972
nn5,crossfit_seed_17231,17231,3.0,1.1708990512070832,1.1708990512070832
nn5,crossfit_seed_17231,17231,4.0,1.1529778860233448,1.1529778860233448
nn5,crossfit_seed_17231,17231,5.0,1.1241696234102603,1.1241696234102603
nn5,crossfit_seed_17231,17231,6.0,1.0955465767118666,1.0955465767118666
nn5,crossfit_seed_17231,17231,7.0,1.0622126437999584,1.0622126437999584
nn5,crossfit_seed_17231,17231,8.0,1.0401618878046672,1.0401618878046672
nn5,crossfit_seed_17231,17231,9.0,0.9986916206501149,0.9986916206501149
nn5,crossfit_seed_17231,17231,10.0,0.9638761635179873,0.9638761635179873
nn5,crossfit_seed_17231,17231,11.0,0.9471003170366641,0.9471003170366641
nn5,crossfit_seed_17231,17231,12.0,0.9291147479304561,0.9291147479304561
nn5,crossfit_seed_17231,17231,13.0,0.903814070754581,0.903814070754581
nn5,crossfit_seed_17231,17231,14.0,0.8856264374874256,0.8856264374874256
nn5,crossfit_seed_17231,17231,15.0,0.8660123855979355,0.8660123855979355
nn5,crossfit_seed_17231,17231,16.0,0.8510203427738614,0.8510203427738614
nn5,crossfit_seed_3407,3407,1.0,1.188851166654516,1.188851166654516
nn5,crossfit_seed_3407,3407,2.0,1.1821021989539817,1.1821021989539817
nn5,crossfit_seed_3407,3407,3.0,1.173503703541226,1.173503703541226
nn5,crossfit_seed_3407,3407,4.0,1.1589799545429371,1.1589799545429371
nn5,crossfit_seed_3407,3407,5.0,1.1351957850986056,1.1351957850986056
nn5,crossfit_seed_3407,3407,6.0,1.1026692125532362,1.1026692125532362
nn5,crossfit_seed_3407,3407,7.0,1.075560282777857,1.075560282777857
nn5,crossfit_seed_3407,3407,8.0,1.0556353595521715,1.0556353595521715
nn5,crossfit_seed_3407,3407,9.0,1.0184091417877763,1.0184091417877763
nn5,crossfit_seed_3407,3407,10.0,0.9822983079486423,0.9822983079486423
nn5,crossfit_seed_3407,3407,11.0,0.9660248690181308,0.9660248690181308
nn5,crossfit_seed_3407,3407,12.0,0.9435819873103389,0.9435819873103389
nn5,crossfit_seed_3407,3407,13.0,0.9139370233924301,0.9139370233924301
nn5,crossfit_seed_3407,3407,14.0,0.8911099235216776,0.8911099235216776
nn5,crossfit_seed_3407,3407,15.0,0.8644346396128336,0.8644346396128336
nn5,crossfit_seed_3407,3407,16.0,0.8458696868684557,0.8458696868684557
nn5,crossfit_seed_9119,9119,1.0,1.187843539096691,1.187843539096691
nn5,crossfit_seed_9119,9119,2.0,1.1810458721937958,1.1810458721937958
nn5,crossfit_seed_9119,9119,3.0,1.170598935197901,1.170598935197901
nn5,crossfit_seed_9119,9119,4.0,1.1518693809156064,1.1518693809156064
nn5,crossfit_seed_9119,9119,5.0,1.1256064220711037,1.1256064220711037
nn5,crossfit_seed_9119,9119,6.0,1.093700612032855,1.093700612032855
nn5,crossfit_seed_9119,9119,7.0,1.0708386147463764,1.0708386147463764
nn5,crossfit_seed_9119,9119,8.0,1.03966725314105,1.03966725314105
nn5,crossfit_seed_9119,9119,9.0,1.0030182246808652,1.0030182246808652
nn5,crossfit_seed_9119,9119,10.0,0.985557147750148,0.985557147750148
nn5,crossfit_seed_9119,9119,11.0,0.9636176449281199,0.9636176449281199
nn5,crossfit_seed_9119,9119,12.0,0.9367063310411241,0.9367063310411241
nn5,crossfit_seed_9119,9119,13.0,0.9203748460169192,0.9203748460169192
nn5,crossfit_seed_9119,9119,14.0,0.8991764938389813,0.8991764938389813
nn5,crossfit_seed_9119,9119,15.0,0.8873027585170887,0.8873027585170887
nn5,crossfit_seed_9119,9119,16.0,0.8758732499899687,0.8758732499899687
nn5,final_seed_17231,17231,1.0,1.1599926021364,0.9593966650584388
nn5,final_seed_17231,17231,2.0,1.1478114128112793,0.9597505841936383
nn5,final_seed_17231,17231,3.0,1.1237038638856676,0.9589514959426153
nn5,final_seed_17231,17231,4.0,1.0869729121526082,0.9560018872457837
nn5,final_seed_17231,17231,5.0,1.0498961077796087,0.9510033017113095
nn5,final_seed_17231,17231,6.0,1.0051928361256917,0.9448604280986483
nn5,final_seed_17231,17231,7.0,0.9696827001041837,0.933472648499504
nn5,final_seed_17231,17231,8.0,0.9417124589284261,0.9161592513795883
nn5,final_seed_17231,17231,9.0,0.9054752257135179,0.8915489438980345
nn5,final_seed_17231,17231,10.0,0.8774486581484476,0.8687957279265873
nn5,final_seed_17231,17231,11.0,0.860891494486067,0.8453006441631015
nn5,final_seed_17231,17231,12.0,0.8358315759234958,0.8087218753875248
nn5,final_seed_17231,17231,13.0,0.8179933031400045,0.7671801249186198
nn5,final_seed_17231,17231,14.0,0.8042247494061788,0.7257289583720858
nn5,final_seed_17231,17231,15.0,0.7887683908144633,0.682875497000558
nn5,final_seed_17231,17231,16.0,0.7734634942478604,0.6396256704179067
nn5,final_seed_17231,17231,17.0,0.7592628995577494,0.607841310046968
nn5,final_seed_17231,17231,18.0,0.7494729095035129,0.5870607164171007
nn5,final_seed_17231,17231,19.0,0.7404488457573785,0.5748261951264881
nn5,final_seed_17231,17231,20.0,0.7339532242880927,0.5625957912868924
nn5,final_seed_3407,3407,1.0,1.1603647735383775,0.9602371700226314
nn5,final_seed_3407,3407,2.0,1.1499836577309503,0.9603755890376984
nn5,final_seed_3407,3407,3.0,1.1308082739512126,0.9603437998938182
nn5,final_seed_3407,3407,4.0,1.0928413338131375,0.9587047516353546
nn5,final_seed_3407,3407,5.0,1.048287894990709,0.9540040757921007
nn5,final_seed_3407,3407,6.0,1.0087743865119085,0.9479028610956102
nn5,final_seed_3407,3407,7.0,0.9616793327861362,0.93719482421875
nn5,final_seed_3407,3407,8.0,0.9313286013073392,0.9208748227074033
nn5,final_seed_3407,3407,9.0,0.8973731663491991,0.8938824487110925
nn5,final_seed_3407,3407,10.0,0.8762780295477973,0.8742955525716146
nn5,final_seed_3407,3407,11.0,0.8500815232594808,0.8509718879820809
nn5,final_seed_3407,3407,12.0,0.8310061626964145,0.816101800827753
nn5,final_seed_3407,3407,13.0,0.8177002602153354,0.7765263148716518
nn5,final_seed_3407,3407,14.0,0.8037192953957452,0.7271451798696367
nn5,final_seed_3407,3407,15.0,0.7920569313897027,0.6775825742691283
nn5,final_seed_3407,3407,16.0,0.7747324705123901,0.6428176637679811
nn5,final_seed_3407,3407,17.0,0.7663081354565091,0.6098990667433966
nn5,final_seed_3407,3407,18.0,0.7559866044256423,0.5982118636842758
nn5,final_seed_3407,3407,19.0,0.7576567729314169,0.588873303125775
nn5,final_seed_3407,3407,20.0,0.7465854154692756,0.5836914304703001
nn5,final_seed_9119,9119,1.0,1.1596008804109361,0.9588988167898995
nn5,final_seed_9119,9119,2.0,1.1465180185106065,0.9587117149716332
nn5,final_seed_9119,9119,3.0,1.1204934385087755,0.9572193206302704
nn5,final_seed_9119,9119,4.0,1.0806553098890517,0.9523804679749504
nn5,final_seed_9119,9119,5.0,1.0586660040749445,0.9485958038814484
nn5,final_seed_9119,9119,6.0,1.0258983903461032,0.9466223338293651
nn5,final_seed_9119,9119,7.0,0.9901579221089681,0.9371156238374256
nn5,final_seed_9119,9119,8.0,0.9501417014333937,0.9149854145352803
nn5,final_seed_9119,9119,9.0,0.9180253744125366,0.8850872705853174
nn5,final_seed_9119,9119,10.0,0.8890765309333801,0.8630438910590278
nn5,final_seed_9119,9119,11.0,0.862886495060391,0.8377258058578249
nn5,final_seed_9119,9119,12.0,0.8492425945070055,0.802123539031498
nn5,final_seed_9119,9119,13.0,0.8316942850748698,0.7721208239358569
nn5,final_seed_9119,9119,14.0,0.8173562619421217,0.7294501047285776
nn5,final_seed_9119,9119,15.0,0.8006358014212714,0.6743455917116196
nn5,final_seed_9119,9119,16.0,0.7890681227048238,0.630232674734933
nn5,final_seed_9119,9119,17.0,0.7822496758566962,0.604940929110088
nn5,final_seed_9119,9119,18.0,0.773602737320794,0.6020229279048859
nn5,final_seed_9119,9119,19.0,0.7613725794686211,0.587457747686477
nn5,final_seed_9119,9119,20.0,0.7553105817900764,0.5778568812779018
pedestrian,crossfit_seed_17231,17231,1.0,0.9306488853913767,0.9306488853913767
pedestrian,crossfit_seed_17231,17231,2.0,0.9255178040928311,0.9255178040928311
pedestrian,crossfit_seed_17231,17231,3.0,0.9181673791673448,0.9181673791673448
pedestrian,crossfit_seed_17231,17231,4.0,0.9033638106452094,0.9033638106452094
pedestrian,crossfit_seed_17231,17231,5.0,0.8739735042607343,0.8739735042607343
pedestrian,crossfit_seed_17231,17231,6.0,0.825706938902537,0.825706938902537
pedestrian,crossfit_seed_17231,17231,7.0,0.7502316413102327,0.7502316413102327
pedestrian,crossfit_seed_17231,17231,8.0,0.6588341726197137,0.6588341726197137
pedestrian,crossfit_seed_17231,17231,9.0,0.633107997753002,0.633107997753002
pedestrian,crossfit_seed_17231,17231,10.0,0.600186789477313,0.600186789477313
pedestrian,crossfit_seed_17231,17231,11.0,0.5381980935732523,0.5381980935732523
pedestrian,crossfit_seed_17231,17231,12.0,0.4402843824139348,0.4402843824139348
pedestrian,crossfit_seed_17231,17231,13.0,0.43613008437333284,0.43613008437333284
pedestrian,crossfit_seed_17231,17231,14.0,0.47262942128711277,0.47262942128711277
pedestrian,crossfit_seed_17231,17231,15.0,0.44566416298901596,0.44566416298901596
pedestrian,crossfit_seed_17231,17231,16.0,0.40948368001867225,0.40948368001867225
pedestrian,crossfit_seed_3407,3407,1.0,0.9306853987552501,0.9306853987552501
pedestrian,crossfit_seed_3407,3407,2.0,0.9264750811788771,0.9264750811788771
pedestrian,crossfit_seed_3407,3407,3.0,0.918932643201616,0.918932643201616
pedestrian,crossfit_seed_3407,3407,4.0,0.9036344400158635,0.9036344400158635
pedestrian,crossfit_seed_3407,3407,5.0,0.8739539119932387,0.8739539119932387
pedestrian,crossfit_seed_3407,3407,6.0,0.8234385561060023,0.8234385561060023
pedestrian,crossfit_seed_3407,3407,7.0,0.7354903044524016,0.7354903044524016
pedestrian,crossfit_seed_3407,3407,8.0,0.6594853776472586,0.6594853776472586
pedestrian,crossfit_seed_3407,3407,9.0,0.6544561960079052,0.6544561960079052
pedestrian,crossfit_seed_3407,3407,10.0,0.6187149065512197,0.6187149065512197
pedestrian,crossfit_seed_3407,3407,11.0,0.5307838983005948,0.5307838983005948
pedestrian,crossfit_seed_3407,3407,12.0,0.4687951449994688,0.4687951449994688
pedestrian,crossfit_seed_3407,3407,13.0,0.4451376232835982,0.4451376232835982
pedestrian,crossfit_seed_3407,3407,14.0,0.4531679959208877,0.4531679959208877
pedestrian,crossfit_seed_3407,3407,15.0,0.427146789100435,0.427146789100435
pedestrian,crossfit_seed_3407,3407,16.0,0.3941983867574621,0.3941983867574621
pedestrian,crossfit_seed_9119,9119,1.0,0.9308670207306191,0.9308670207306191
pedestrian,crossfit_seed_9119,9119,2.0,0.9256978432337443,0.9256978432337443
pedestrian,crossfit_seed_9119,9119,3.0,0.9182053958928144,0.9182053958928144
pedestrian,crossfit_seed_9119,9119,4.0,0.9067670548403705,0.9067670548403705
pedestrian,crossfit_seed_9119,9119,5.0,0.8842402321320993,0.8842402321320993
pedestrian,crossfit_seed_9119,9119,6.0,0.8449953176357128,0.8449953176357128
pedestrian,crossfit_seed_9119,9119,7.0,0.7728482043301618,0.7728482043301618
pedestrian,crossfit_seed_9119,9119,8.0,0.6942333667366593,0.6942333667366593
pedestrian,crossfit_seed_9119,9119,9.0,0.6336604334689953,0.6336604334689953
pedestrian,crossfit_seed_9119,9119,10.0,0.6290950201175831,0.6290950201175831
pedestrian,crossfit_seed_9119,9119,11.0,0.5918935934702555,0.5918935934702555
pedestrian,crossfit_seed_9119,9119,12.0,0.5032325541531598,0.5032325541531598
pedestrian,crossfit_seed_9119,9119,13.0,0.4513961275418599,0.4513961275418599
pedestrian,crossfit_seed_9119,9119,14.0,0.4522836682973085,0.4522836682973085
pedestrian,crossfit_seed_9119,9119,15.0,0.4544634322325389,0.4544634322325389
pedestrian,crossfit_seed_9119,9119,16.0,0.4402514265643226,0.4402514265643226
pedestrian,final_seed_17231,17231,1.0,0.9515978164143033,0.9447854359944662
pedestrian,final_seed_17231,17231,2.0,0.9443736473719279,0.943878173828125
pedestrian,final_seed_17231,17231,3.0,0.9308760563532511,0.9432717782479746
pedestrian,final_seed_17231,17231,4.0,0.8966802093717787,0.9417429323549624
pedestrian,final_seed_17231,17231,5.0,0.8225129312939115,0.9365213182237413
pedestrian,final_seed_17231,17231,6.0,0.6887439555592008,0.9207906369809751
pedestrian,final_seed_17231,17231,7.0,0.6180266108777788,0.8946142549867984
pedestrian,final_seed_17231,17231,8.0,0.5227418939272562,0.8547542713306568
pedestrian,final_seed_17231,17231,9.0,0.4994099769327376,0.8047864702012804
pedestrian,final_seed_17231,17231,10.0,0.5130209459198846,0.7631948965567129
pedestrian,final_seed_17231,17231,11.0,0.47908761435084873,0.7246489348234953
pedestrian,final_seed_17231,17231,12.0,0.4567534360620711,0.6768843332926432
pedestrian,final_seed_17231,17231,13.0,0.45755854580137467,0.6151416213424118
pedestrian,final_seed_17231,17231,14.0,0.4508690569135878,0.5356095278704608
pedestrian,final_seed_17231,17231,15.0,0.44234581457244027,0.4424237145317925
pedestrian,final_seed_17231,17231,16.0,0.44973759518729317,0.4138257415206344
pedestrian,final_seed_17231,17231,17.0,0.4373341633213891,0.4273476070827908
pedestrian,final_seed_17231,17231,18.0,0.42508016692267525,0.41579981203432437
pedestrian,final_seed_17231,17231,19.0,0.4264936116006639,0.367964885852955
pedestrian,final_seed_17231,17231,20.0,0.41414429081810844,0.34404652206986036
pedestrian,final_seed_3407,3407,1.0,0.9515995383262634,0.9444062974717882
pedestrian,final_seed_3407,3407,2.0,0.9448308149973551,0.94401161758988
pedestrian,final_seed_3407,3407,3.0,0.9298854404025607,0.9433190381085431
pedestrian,final_seed_3407,3407,4.0,0.8868892987569174,0.941314838550709
pedestrian,final_seed_3407,3407,5.0,0.7884814076953464,0.9348483615451388
pedestrian,final_seed_3407,3407,6.0,0.6726410852538215,0.9166490766737196
pedestrian,final_seed_3407,3407,7.0,0.6033713287777371,0.8851294340910735
pedestrian,final_seed_3407,3407,8.0,0.5282318194707235,0.8445099724663628
pedestrian,final_seed_3407,3407,9.0,0.5341224008136325,0.8021741089997468
pedestrian,final_seed_3407,3407,10.0,0.5069602727890015,0.7668639289008247
pedestrian,final_seed_3407,3407,11.0,0.45802276333173114,0.729512956407335
pedestrian,final_seed_3407,3407,12.0,0.4578614566061232,0.6822846730550131
pedestrian,final_seed_3407,3407,13.0,0.46722042229440475,0.6252766361942997
pedestrian,final_seed_3407,3407,14.0,0.44725586308373344,0.5600648456149631
pedestrian,final_seed_3407,3407,15.0,0.43380535311169094,0.4994222852918837
pedestrian,final_seed_3407,3407,16.0,0.42456842131084865,0.4467542789600514
pedestrian,final_seed_3407,3407,17.0,0.42711612913343644,0.42742923454002096
pedestrian,final_seed_3407,3407,18.0,0.4245452748404609,0.4289688534206814
pedestrian,final_seed_3407,3407,19.0,0.41446581814024186,0.4156352855541088
pedestrian,final_seed_3407,3407,20.0,0.42407839828067356,0.38680415683322483
pedestrian,final_seed_9119,9119,1.0,0.9513722393247817,0.9433759053548177
pedestrian,final_seed_9119,9119,2.0,0.9433833161989847,0.9426877057110822
pedestrian,final_seed_9119,9119,3.0,0.9271161225106981,0.9416510970504196
pedestrian,final_seed_9119,9119,4.0,0.887810488541921,0.9391916769522207
pedestrian,final_seed_9119,9119,5.0,0.7893567482630411,0.9327239990234375
pedestrian,final_seed_9119,9119,6.0,0.7326800160937839,0.9157920413547092
pedestrian,final_seed_9119,9119,7.0,0.7127508454852634,0.8988447542543765
pedestrian,final_seed_9119,9119,8.0,0.6734864115715027,0.8912571094654225
pedestrian,final_seed_9119,9119,9.0,0.626730567879147,0.8741835135000723
pedestrian,final_seed_9119,9119,10.0,0.57499098777771,0.8247441892270688
pedestrian,final_seed_9119,9119,11.0,0.5309578511450026,0.7347061015941478
pedestrian,final_seed_9119,9119,12.0,0.5031165778636932,0.6229837912100332
pedestrian,final_seed_9119,9119,13.0,0.49898454878065324,0.5411193988941334
pedestrian,final_seed_9119,9119,14.0,0.462871253490448,0.49654904118290655
pedestrian,final_seed_9119,9119,15.0,0.44385908709632027,0.4738243950737847
pedestrian,final_seed_9119,9119,16.0,0.4425610568788316,0.4432818448102033
pedestrian,final_seed_9119,9119,17.0,0.4329962995317247,0.3911365579675745
pedestrian,final_seed_9119,9119,18.0,0.41677548819118077,0.35521758044207535
pedestrian,final_seed_9119,9119,19.0,0.4230786661307017,0.3454143382884838
pedestrian,final_seed_9119,9119,20.0,0.421761069032881,0.3383329179551866
rideshare,crossfit_seed_17231,17231,1.0,2.2376391269542553,2.2376391269542553
rideshare,crossfit_seed_17231,17231,2.0,2.217598800305967,2.217598800305967
rideshare,crossfit_seed_17231,17231,3.0,2.1957735132288048,2.1957735132288048
rideshare,crossfit_seed_17231,17231,4.0,2.1677867394906505,2.1677867394906505
rideshare,crossfit_seed_17231,17231,5.0,2.1217728985680475,2.1217728985680475
rideshare,crossfit_seed_17231,17231,6.0,2.0441213802055076,2.0441213802055076
rideshare,crossfit_seed_17231,17231,7.0,1.9327816830741034,1.9327816830741034
rideshare,crossfit_seed_17231,17231,8.0,1.7866358315503155,1.7866358315503155
rideshare,crossfit_seed_17231,17231,9.0,1.6485159617883187,1.6485159617883187
rideshare,crossfit_seed_17231,17231,10.0,1.549670347460994,1.549670347460994
rideshare,crossfit_seed_17231,17231,11.0,1.4457604929252907,1.4457604929252907
rideshare,crossfit_seed_17231,17231,12.0,1.2799181894019798,1.2799181894019798
rideshare,crossfit_seed_17231,17231,13.0,1.1632599080050434,1.1632599080050434
rideshare,crossfit_seed_17231,17231,14.0,1.025953769683838,1.025953769683838
rideshare,crossfit_seed_17231,17231,15.0,0.9123899693842288,0.9123899693842288
rideshare,crossfit_seed_17231,17231,16.0,0.7894331216812134,0.7894331216812134
rideshare,crossfit_seed_3407,3407,1.0,2.2301246413478144,2.2301246413478144
rideshare,crossfit_seed_3407,3407,2.0,2.209370498304014,2.209370498304014
rideshare,crossfit_seed_3407,3407,3.0,2.185552446930497,2.185552446930497
rideshare,crossfit_seed_3407,3407,4.0,2.152764391016077,2.152764391016077
rideshare,crossfit_seed_3407,3407,5.0,2.1036725485766374,2.1036725485766374
rideshare,crossfit_seed_3407,3407,6.0,2.0219812481491655,2.0219812481491655
rideshare,crossfit_seed_3407,3407,7.0,1.9077129893832736,1.9077129893832736
rideshare,crossfit_seed_3407,3407,8.0,1.7552288020098652,1.7552288020098652
rideshare,crossfit_seed_3407,3407,9.0,1.6109367035053395,1.6109367035053395
rideshare,crossfit_seed_3407,3407,10.0,1.5169416842637238,1.5169416842637238
rideshare,crossfit_seed_3407,3407,11.0,1.4340402770925451,1.4340402770925451
rideshare,crossfit_seed_3407,3407,12.0,1.2510531743367512,1.2510531743367512
rideshare,crossfit_seed_3407,3407,13.0,1.1108011095612138,1.1108011095612138
rideshare,crossfit_seed_3407,3407,14.0,0.9931125861627085,0.9931125861627085
rideshare,crossfit_seed_3407,3407,15.0,0.8664982230574997,0.8664982230574997
rideshare,crossfit_seed_3407,3407,16.0,0.7800431273601673,0.7800431273601673
rideshare,crossfit_seed_9119,9119,1.0,2.2333833464869746,2.2333833464869746
rideshare,crossfit_seed_9119,9119,2.0,2.2127781444125705,2.2127781444125705
rideshare,crossfit_seed_9119,9119,3.0,2.1889427061434144,2.1889427061434144
rideshare,crossfit_seed_9119,9119,4.0,2.1557551843148692,2.1557551843148692
rideshare,crossfit_seed_9119,9119,5.0,2.106742020006533,2.106742020006533
rideshare,crossfit_seed_9119,9119,6.0,2.0301218341898033,2.0301218341898033
rideshare,crossfit_seed_9119,9119,7.0,1.9135556044401947,1.9135556044401947
rideshare,crossfit_seed_9119,9119,8.0,1.772406847388656,1.772406847388656
rideshare,crossfit_seed_9119,9119,9.0,1.6317656216798004,1.6317656216798004
rideshare,crossfit_seed_9119,9119,10.0,1.5616858535342746,1.5616858535342746
rideshare,crossfit_seed_9119,9119,11.0,1.4615994780151933,1.4615994780151933
rideshare,crossfit_seed_9119,9119,12.0,1.2700137562221951,1.2700137562221951
rideshare,crossfit_seed_9119,9119,13.0,1.1727943817774455,1.1727943817774455
rideshare,crossfit_seed_9119,9119,14.0,1.039462403014854,1.039462403014854
rideshare,crossfit_seed_9119,9119,15.0,0.9134860943864893,0.9134860943864893
rideshare,crossfit_seed_9119,9119,16.0,0.8307095192096852,0.8307095192096852
rideshare,final_seed_17231,17231,1.0,2.3051525751749673,0.8644064444082754
rideshare,final_seed_17231,17231,2.0,2.257183392842611,0.8337422123661747
rideshare,final_seed_17231,17231,3.0,2.1879884666866727,0.7983590585214121
rideshare,final_seed_17231,17231,4.0,2.0644578801261053,0.745017652158384
rideshare,final_seed_17231,17231,5.0,1.84527591864268,0.6348003104881004
rideshare,final_seed_17231,17231,6.0,1.5343990193472967,0.37984099211516203
rideshare,final_seed_17231,17231,7.0,1.2007693383428786,0.09911981335392704
rideshare,final_seed_17231,17231,8.0,0.9189559883541532,0.03392044923923634
rideshare,final_seed_17231,17231,9.0,0.6914899945259094,0.01495013192847923
rideshare,final_seed_17231,17231,10.0,0.5474659866756864,0.09420145882500543
rideshare,final_seed_17231,17231,11.0,0.5112061633004082,0.04053858915964762
rideshare,final_seed_17231,17231,12.0,0.49273280964957344,0.018678583480693674
rideshare,final_seed_17231,17231,13.0,0.44240879350238377,0.04744502791651973
rideshare,final_seed_3407,3407,1.0,2.2939585049947104,0.8514272195321543
rideshare,final_seed_3407,3407,2.0,2.244994799296061,0.8185381006311487
rideshare,final_seed_3407,3407,3.0,2.17578215069241,0.7782112404152199
rideshare,final_seed_3407,3407,4.0,2.0555977291531033,0.7161451269079138
rideshare,final_seed_3407,3407,5.0,1.8499397701687283,0.591106238188567
rideshare,final_seed_3407,3407,6.0,1.541612148284912,0.31523365444607204
rideshare,final_seed_3407,3407,7.0,1.2267950243420072,0.03410730980060719
rideshare,final_seed_3407,3407,8.0,0.944932328330146,0.8328201859085648
rideshare,final_seed_3407,3407,9.0,0.673972917927636,2.334127355504919
rideshare,final_seed_3407,3407,10.0,0.5063355366388956,3.576613532172309
rideshare,final_seed_3407,3407,11.0,0.45057786835564506,1.9486829969618056
rideshare,final_seed_9119,9119,1.0,2.2977379163106284,0.8556389278835721
rideshare,final_seed_9119,9119,2.0,2.2492252455817328,0.8229221061423972
rideshare,final_seed_9119,9119,3.0,2.179515560468038,0.7830884721544054
rideshare,final_seed_9119,9119,4.0,2.056082910961575,0.7228852731210215
rideshare,final_seed_9119,9119,5.0,1.8467953867382474,0.6014908684624566
rideshare,final_seed_9119,9119,6.0,1.5594508912828233,0.34151260941116895
rideshare,final_seed_9119,9119,7.0,1.2204105059305828,0.04464435577392578
rideshare,final_seed_9119,9119,8.0,0.9028202162848579,0.49072629434091075
rideshare,final_seed_9119,9119,9.0,0.6695572667651706,0.5943192376030816
rideshare,final_seed_9119,9119,10.0,0.5240836143493652,0.5252535784686053
rideshare,final_seed_9119,9119,11.0,0.4437815546989441,0.5042637012622975
temperature_rain,crossfit_seed_17231,17231,1.0,1.1695805788040161,1.1695805788040161
temperature_rain,crossfit_seed_17231,17231,2.0,1.16751852300432,1.16751852300432
temperature_rain,crossfit_seed_17231,17231,3.0,1.165475394990709,1.165475394990709
temperature_rain,crossfit_seed_17231,17231,4.0,1.1628906373624448,1.1628906373624448
temperature_rain,crossfit_seed_17231,17231,5.0,1.1594488973970767,1.1594488973970767
temperature_rain,crossfit_seed_17231,17231,6.0,1.1546226430822302,1.1546226430822302
temperature_rain,crossfit_seed_17231,17231,7.0,1.1498363238793832,1.1498363238793832
temperature_rain,crossfit_seed_17231,17231,8.0,1.1440867450502183,1.1440867450502183
temperature_rain,crossfit_seed_17231,17231,9.0,1.136596432438603,1.136596432438603
temperature_rain,crossfit_seed_17231,17231,10.0,1.128937213509171,1.128937213509171
temperature_rain,crossfit_seed_17231,17231,11.0,1.125280049112108,1.125280049112108
temperature_rain,crossfit_seed_17231,17231,12.0,1.1234553875746551,1.1234553875746551
temperature_rain,crossfit_seed_17231,17231,13.0,1.1145987974272833,1.1145987974272833
temperature_rain,crossfit_seed_17231,17231,14.0,1.1069349492037739,1.1069349492037739
temperature_rain,crossfit_seed_17231,17231,15.0,1.1039055365103263,1.1039055365103263
temperature_rain,crossfit_seed_17231,17231,16.0,1.102365423131872,1.102365423131872
temperature_rain,crossfit_seed_3407,3407,1.0,1.1699807158222906,1.1699807158222906
temperature_rain,crossfit_seed_3407,3407,2.0,1.1678029740298237,1.1678029740298237
temperature_rain,crossfit_seed_3407,3407,3.0,1.1655305094189115,1.1655305094189115
temperature_rain,crossfit_seed_3407,3407,4.0,1.1634406160425257,1.1634406160425257
temperature_rain,crossfit_seed_3407,3407,5.0,1.1594958614420008,1.1594958614420008
temperature_rain,crossfit_seed_3407,3407,6.0,1.1552870096983734,1.1552870096983734
temperature_rain,crossfit_seed_3407,3407,7.0,1.1488934711173728,1.1488934711173728
temperature_rain,crossfit_seed_3407,3407,8.0,1.1467399288106848,1.1467399288106848
temperature_rain,crossfit_seed_3407,3407,9.0,1.1422522068023682,1.1422522068023682
temperature_rain,crossfit_seed_3407,3407,10.0,1.1356994620075933,1.1356994620075933
temperature_rain,crossfit_seed_3407,3407,11.0,1.1300402173289545,1.1300402173289545
temperature_rain,crossfit_seed_3407,3407,12.0,1.1252187004795782,1.1252187004795782
temperature_rain,crossfit_seed_3407,3407,13.0,1.1162874941472654,1.1162874941472654
temperature_rain,crossfit_seed_3407,3407,14.0,1.1108124697649921,1.1108124697649921
temperature_rain,crossfit_seed_3407,3407,15.0,1.1040337924604062,1.1040337924604062
temperature_rain,crossfit_seed_3407,3407,16.0,1.115043975688793,1.115043975688793
temperature_rain,crossfit_seed_9119,9119,1.0,1.1695839166641235,1.1695839166641235
temperature_rain,crossfit_seed_9119,9119,2.0,1.1677111034040097,1.1677111034040097
temperature_rain,crossfit_seed_9119,9119,3.0,1.1653028947335702,1.1653028947335702
temperature_rain,crossfit_seed_9119,9119,4.0,1.1623205167275887,1.1623205167275887
temperature_rain,crossfit_seed_9119,9119,5.0,1.1585907891944602,1.1585907891944602
temperature_rain,crossfit_seed_9119,9119,6.0,1.1554211819613422,1.1554211819613422
temperature_rain,crossfit_seed_9119,9119,7.0,1.1514007250467937,1.1514007250467937
temperature_rain,crossfit_seed_9119,9119,8.0,1.1458213947437428,1.1458213947437428
temperature_rain,crossfit_seed_9119,9119,9.0,1.14062793608065,1.14062793608065
temperature_rain,crossfit_seed_9119,9119,10.0,1.1345188220342,1.1345188220342
temperature_rain,crossfit_seed_9119,9119,11.0,1.129632455331308,1.129632455331308
temperature_rain,crossfit_seed_9119,9119,12.0,1.125044619595563,1.125044619595563
temperature_rain,crossfit_seed_9119,9119,13.0,1.119598318029333,1.119598318029333
temperature_rain,crossfit_seed_9119,9119,14.0,1.1171923125231709,1.1171923125231709
temperature_rain,crossfit_seed_9119,9119,15.0,1.106943174644753,1.106943174644753
temperature_rain,crossfit_seed_9119,9119,16.0,1.1019330907751013,1.1019330907751013
temperature_rain,final_seed_17231,17231,1.0,1.076536860730913,4.668938530815972
temperature_rain,final_seed_17231,17231,2.0,1.0737286938561335,4.6721797236689815
temperature_rain,final_seed_17231,17231,3.0,1.0711416403452556,4.674977394386574
temperature_rain,final_seed_17231,17231,4.0,1.0675271815723844,4.677584725839121
temperature_rain,final_seed_17231,17231,5.0,1.062395539548662,4.679512532552083
temperature_rain,final_seed_3407,3407,1.0,1.076859884791904,4.667395923755787
temperature_rain,final_seed_3407,3407,2.0,1.0737362835142348,4.671030454282407
temperature_rain,final_seed_3407,3407,3.0,1.0707936684290569,4.674757215711805
temperature_rain,final_seed_3407,3407,4.0,1.0671352876557245,4.6784487123842595
temperature_rain,final_seed_3407,3407,5.0,1.0620341433419123,4.681833224826389
temperature_rain,final_seed_9119,9119,1.0,1.0766465134090848,4.670177318431713
temperature_rain,final_seed_9119,9119,2.0,1.073771595954895,4.672908980758102
temperature_rain,final_seed_9119,9119,3.0,1.07031602329678,4.67581787109375
temperature_rain,final_seed_9119,9119,4.0,1.0668449931674533,4.678454137731482
temperature_rain,final_seed_9119,9119,5.0,1.0617651012208726,4.680826822916667
tourism_monthly,crossfit_seed_17231,17231,1.0,0.9968275449894093,0.9968275449894093
tourism_monthly,crossfit_seed_17231,17231,2.0,0.9849199100776955,0.9849199100776955
tourism_monthly,crossfit_seed_17231,17231,3.0,0.9721471269925436,0.9721471269925436
tourism_monthly,crossfit_seed_17231,17231,4.0,0.9556471528830351,0.9556471528830351
tourism_monthly,crossfit_seed_17231,17231,5.0,0.9349476650909141,0.9349476650909141
tourism_monthly,crossfit_seed_17231,17231,6.0,0.9065469922842803,0.9065469922842803
tourism_monthly,crossfit_seed_17231,17231,7.0,0.8723353721477367,0.8723353721477367
tourism_monthly,crossfit_seed_17231,17231,8.0,0.8446342923023082,0.8446342923023082
tourism_monthly,crossfit_seed_17231,17231,9.0,0.8194502856996324,0.8194502856996324
tourism_monthly,crossfit_seed_17231,17231,10.0,0.7965944475597806,0.7965944475597806
tourism_monthly,crossfit_seed_17231,17231,11.0,0.7750733671364961,0.7750733671364961
tourism_monthly,crossfit_seed_17231,17231,12.0,0.7586882026107223,0.7586882026107223
tourism_monthly,crossfit_seed_17231,17231,13.0,0.7398370371924506,0.7398370371924506
tourism_monthly,crossfit_seed_17231,17231,14.0,0.7376824551158481,0.7376824551158481
tourism_monthly,crossfit_seed_17231,17231,15.0,0.7380709030010082,0.7380709030010082
tourism_monthly,crossfit_seed_17231,17231,16.0,0.733098793912817,0.733098793912817
tourism_monthly,crossfit_seed_3407,3407,1.0,1.0007871610146981,1.0007871610146981
tourism_monthly,crossfit_seed_3407,3407,2.0,0.9891893355934708,0.9891893355934708
tourism_monthly,crossfit_seed_3407,3407,3.0,0.9771544712561148,0.9771544712561148
tourism_monthly,crossfit_seed_3407,3407,4.0,0.9608628793999001,0.9608628793999001
tourism_monthly,crossfit_seed_3407,3407,5.0,0.9396241086500662,0.9396241086500662
tourism_monthly,crossfit_seed_3407,3407,6.0,0.9120651108247263,0.9120651108247263
tourism_monthly,crossfit_seed_3407,3407,7.0,0.8845431252762124,0.8845431252762124
tourism_monthly,crossfit_seed_3407,3407,8.0,0.8551612650906598,0.8551612650906598
tourism_monthly,crossfit_seed_3407,3407,9.0,0.8273929776968779,0.8273929776968779
tourism_monthly,crossfit_seed_3407,3407,10.0,0.802811136952153,0.802811136952153
tourism_monthly,crossfit_seed_3407,3407,11.0,0.7772756461743955,0.7772756461743955
tourism_monthly,crossfit_seed_3407,3407,12.0,0.753422306643592,0.753422306643592
tourism_monthly,crossfit_seed_3407,3407,13.0,0.7410219400017349,0.7410219400017349
tourism_monthly,crossfit_seed_3407,3407,14.0,0.7343764592100073,0.7343764592100073
tourism_monthly,crossfit_seed_3407,3407,15.0,0.7221548049538223,0.7221548049538223
tourism_monthly,crossfit_seed_3407,3407,16.0,0.7350689503881667,0.7350689503881667
tourism_monthly,crossfit_seed_9119,9119,1.0,0.9982256712736907,0.9982256712736907
tourism_monthly,crossfit_seed_9119,9119,2.0,0.985801930780764,0.985801930780764
tourism_monthly,crossfit_seed_9119,9119,3.0,0.9723571958365264,0.9723571958365264
tourism_monthly,crossfit_seed_9119,9119,4.0,0.9551136670289216,0.9551136670289216
tourism_monthly,crossfit_seed_9119,9119,5.0,0.9328569129661277,0.9328569129661277
tourism_monthly,crossfit_seed_9119,9119,6.0,0.906348482326225,0.906348482326225
tourism_monthly,crossfit_seed_9119,9119,7.0,0.8777871617564449,0.8777871617564449
tourism_monthly,crossfit_seed_9119,9119,8.0,0.8459699418809679,0.8459699418809679
tourism_monthly,crossfit_seed_9119,9119,9.0,0.8215929755458126,0.8215929755458126
tourism_monthly,crossfit_seed_9119,9119,10.0,0.7932638923327128,0.7932638923327128
tourism_monthly,crossfit_seed_9119,9119,11.0,0.756750245889028,0.756750245889028
tourism_monthly,crossfit_seed_9119,9119,12.0,0.7443812820646498,0.7443812820646498
tourism_monthly,crossfit_seed_9119,9119,13.0,0.7296867790045561,0.7296867790045561
tourism_monthly,crossfit_seed_9119,9119,14.0,0.729448280952595,0.729448280952595
tourism_monthly,crossfit_seed_9119,9119,15.0,0.7219656705856323,0.7219656705856323
tourism_monthly,crossfit_seed_9119,9119,16.0,0.7123705347379049,0.7123705347379049
tourism_monthly,final_seed_17231,17231,1.0,1.0450548860761855,4.831029821325232
tourism_monthly,final_seed_17231,17231,2.0,1.0298071636093988,4.780472366898148
tourism_monthly,final_seed_17231,17231,3.0,1.008492562505934,4.71549309624566
tourism_monthly,final_seed_17231,17231,4.0,0.976827879746755,4.619281627513744
tourism_monthly,final_seed_17231,17231,5.0,0.939165797498491,4.472971598307292
tourism_monthly,final_seed_17231,17231,6.0,0.9135543174213834,4.344899495442708
tourism_monthly,final_seed_17231,17231,7.0,0.8926615450117323,4.2921266908998845
tourism_monthly,final_seed_17231,17231,8.0,0.8740532398223877,4.236540052625868
tourism_monthly,final_seed_17231,17231,9.0,0.8639033304320441,4.099501715766059
tourism_monthly,final_seed_17231,17231,10.0,0.8573781119452583,3.926488240559896
tourism_monthly,final_seed_17231,17231,11.0,0.8421197930971781,3.74978185583044
tourism_monthly,final_seed_17231,17231,12.0,0.8465273049142625,3.6415032280815973
tourism_monthly,final_seed_17231,17231,13.0,0.8399399386511909,3.5794824670862266
tourism_monthly,final_seed_17231,17231,14.0,0.8338101837370131,3.4554471616391784
tourism_monthly,final_seed_17231,17231,15.0,0.8304324348767599,3.413499055085359
tourism_monthly,final_seed_17231,17231,16.0,0.8254445062743293,3.39870368109809
tourism_monthly,final_seed_17231,17231,17.0,0.8251558277342055,3.4314665617766202
tourism_monthly,final_seed_17231,17231,18.0,0.819885598288642,3.365746674714265
tourism_monthly,final_seed_17231,17231,19.0,0.8189536730448405,3.279027020489728
tourism_monthly,final_seed_17231,17231,20.0,0.8172417614195082,3.270816379123264
tourism_monthly,final_seed_3407,3407,1.0,1.048983679877387,4.856690583405672
tourism_monthly,final_seed_3407,3407,2.0,1.0336659219529893,4.805248684353298
tourism_monthly,final_seed_3407,3407,3.0,1.0121923221482172,4.740370008680555
tourism_monthly,final_seed_3407,3407,4.0,0.9818491604593065,4.639127378110532
tourism_monthly,final_seed_3407,3407,5.0,0.9469621645079719,4.494097109194155
tourism_monthly,final_seed_3407,3407,6.0,0.9332548909717135,4.385846455891927
tourism_monthly,final_seed_3407,3407,7.0,0.9035740560955472,4.346425374348958
tourism_monthly,final_seed_3407,3407,8.0,0.8829595711496141,4.295174210159867
tourism_monthly,final_seed_3407,3407,9.0,0.8713345991240607,4.174621299461082
tourism_monthly,final_seed_3407,3407,10.0,0.8560040659374661,3.969705652307581
tourism_monthly,final_seed_3407,3407,11.0,0.8490400314331055,3.824223271122685
tourism_monthly,final_seed_3407,3407,12.0,0.8401772909694247,3.716987892433449
tourism_monthly,final_seed_3407,3407,13.0,0.8351439899868436,3.5992117987738714
tourism_monthly,final_seed_3407,3407,14.0,0.8337201211187575,3.4911606400101274
tourism_monthly,final_seed_3407,3407,15.0,0.8317650821473863,3.433582729763455
tourism_monthly,final_seed_3407,3407,16.0,0.8263176282246908,3.4011784306278936
tourism_monthly,final_seed_3407,3407,17.0,0.8262669775221083,3.400218822337963
tourism_monthly,final_seed_3407,3407,18.0,0.8235230644543966,3.3661267315899885
tourism_monthly,final_seed_3407,3407,19.0,0.8122253351741366,3.415391144929109
tourism_monthly,final_seed_3407,3407,20.0,0.8162199258804321,3.3816214667426214
tourism_monthly,final_seed_9119,9119,1.0,1.0473875999450684,4.83834895381221
tourism_monthly,final_seed_9119,9119,2.0,1.0318701201015048,4.79078052662037
tourism_monthly,final_seed_9119,9119,3.0,1.0110105408562555,4.726281625253183
tourism_monthly,final_seed_9119,9119,4.0,0.9779646661546495,4.625258834273727
tourism_monthly,final_seed_9119,9119,5.0,0.9473048514790006,4.500742594401042
tourism_monthly,final_seed_9119,9119,6.0,0.9240215023358663,4.435953776041667
tourism_monthly,final_seed_9119,9119,7.0,0.901752147409651,4.363564667878328
tourism_monthly,final_seed_9119,9119,8.0,0.8823728561401367,4.2420806884765625
tourism_monthly,final_seed_9119,9119,9.0,0.872239867846171,4.086680659541377
tourism_monthly,final_seed_9119,9119,10.0,0.8557700249883864,3.961088392469618
tourism_monthly,final_seed_9119,9119,11.0,0.843124164475335,3.8387849595811634
tourism_monthly,final_seed_9119,9119,12.0,0.8410398893886142,3.6907111273871527
tourism_monthly,final_seed_9119,9119,13.0,0.8398817777633667,3.6570982756438077
tourism_monthly,final_seed_9119,9119,14.0,0.8365492026011149,3.6412426983868635
tourism_monthly,final_seed_9119,9119,15.0,0.8309362861845229,3.62260663067853
tourism_monthly,final_seed_9119,9119,16.0,0.8300861914952596,3.513680352105035
tourism_monthly,final_seed_9119,9119,17.0,0.8204621407720778,3.380911933051215
tourism_monthly,final_seed_9119,9119,18.0,0.8166894912719727,3.2722670943648726
tourism_monthly,final_seed_9119,9119,19.0,0.8243388334910074,3.3283663149233216
tourism_monthly,final_seed_9119,9119,20.0,0.8243126802974277,3.45140301739728
